item,category
Tomato Paste,Groceries
Canned Corn,Groceries
Basmati Rice,Groceries
Tomato Paste,Groceries
Whole Wheat Pasta,Groceries
Whole Wheat Pasta,Groceries
Basmati Rice,Groceries
Basmati Rice,Groceries
Tomato Paste,Groceries
Basmati Rice,Groceries
Olive Oil,Groceries
Whole Wheat Pasta,Groceries
Whole Wheat Pasta,Groceries
Whole Wheat Pasta,Groceries
Canned Corn,Groceries
Basmati Rice,Groceries
Whole Wheat Pasta,Groceries
Tomato Paste,Groceries
Olive Oil,Groceries
Tomato Paste,Groceries
Whole Wheat Pasta,Groceries
Whole Wheat Pasta,Groceries
Tomato Paste,Groceries
Basmati Rice,Groceries
Canned Corn,Groceries
Basmati Rice,Groceries
Whole Wheat Pasta,Groceries
Whole Wheat Pasta,Groceries
Basmati Rice,Groceries
Basmati Rice,Groceries
Tomato Paste,Groceries
Basmati Rice,Groceries
Tomato Paste,Groceries
Basmati Rice,Groceries
Olive Oil,Groceries
Whole Wheat Pasta,Groceries
Basmati Rice,Groceries
Canned Corn,Groceries
Tomato Paste,Groceries
Whole Wheat Pasta,Groceries
Basmati Rice,Groceries
Whole Wheat Pasta,Groceries
Whole Wheat Pasta,Groceries
Canned Corn,Groceries
Basmati Rice,Groceries
Olive Oil,Groceries
Tomato Paste,Groceries
Tomato Paste,Groceries
Basmati Rice,Groceries
Canned Corn,Groceries
Tomato Paste,Groceries
Whole Wheat Pasta,Groceries
Basmati Rice,Groceries
Whole Wheat Pasta,Groceries
Tomato Paste,Groceries
Tomato Paste,Groceries
Olive Oil,Groceries
Olive Oil,Groceries
Tomato Paste,Groceries
Tomato Paste,Groceries
Canned Corn,Groceries
Whole Wheat Pasta,Groceries
Whole Wheat Pasta,Groceries
Whole Wheat Pasta,Groceries
Canned Corn,Groceries
Olive Oil,Groceries
Basmati Rice,Groceries
Tomato Paste,Groceries
Tomato Paste,Groceries
Tomato Paste,Groceries
Whole Wheat Pasta,Groceries
Basmati Rice,Groceries
Whole Wheat Pasta,Groceries
Canned Corn,Groceries
Tomato Paste,Groceries
Tomato Paste,Groceries
Olive Oil,Groceries
Basmati Rice,Groceries
Tomato Paste,Groceries
Olive Oil,Groceries
Whole Wheat Pasta,Groceries
Canned Corn,Groceries
Tomato Paste,Groceries
Basmati Rice,Groceries
Olive Oil,Groceries
Whole Wheat Pasta,Groceries
Olive Oil,Groceries
Whole Wheat Pasta,Groceries
Tomato Paste,Groceries
Basmati Rice,Groceries
Tomato Paste,Groceries
Canned Corn,Groceries
Tomato Paste,Groceries
Olive Oil,Groceries
Tomato Paste,Groceries
Olive Oil,Groceries
Olive Oil,Groceries
Olive Oil,Groceries
Whole Wheat Pasta,Groceries
Whole Wheat Pasta,Groceries
Olive Oil,Groceries
Whole Wheat Pasta,Groceries
Basmati Rice,Groceries
Canned Corn,Groceries
Basmati Rice,Groceries
Whole Wheat Pasta,Groceries
Canned Corn,Groceries
Basmati Rice,Groceries
Tomato Paste,Groceries
Olive Oil,Groceries
Olive Oil,Groceries
Basmati Rice,Groceries
Basmati Rice,Groceries
Canned Corn,Groceries
Whole Wheat Pasta,Groceries
Basmati Rice,Groceries
Basmati Rice,Groceries
Whole Wheat Pasta,Groceries
Whole Wheat Pasta,Groceries
Canned Corn,Groceries
Olive Oil,Groceries
Canned Corn,Groceries
Basmati Rice,Groceries
Whole Wheat Pasta,Groceries
Canned Corn,Groceries
Basmati Rice,Groceries
Olive Oil,Groceries
Whole Wheat Pasta,Groceries
Tomato Paste,Groceries
Whole Wheat Pasta,Groceries
Tomato Paste,Groceries
Basmati Rice,Groceries
Basmati Rice,Groceries
Canned Corn,Groceries
Olive Oil,Groceries
Canned Corn,Groceries
Olive Oil,Groceries
Whole Wheat Pasta,Groceries
Whole Wheat Pasta,Groceries
Basmati Rice,Groceries
Tomato Paste,Groceries
Whole Wheat Pasta,Groceries
Basmati Rice,Groceries
Tomato Paste,Groceries
Whole Wheat Pasta,Groceries
Canned Corn,Groceries
Olive Oil,Groceries
Basmati Rice,Groceries
Basmati Rice,Groceries
Olive Oil,Groceries
Tomato Paste,Groceries
Olive Oil,Groceries
Olive Oil,Groceries
Basmati Rice,Groceries
Canned Corn,Groceries
Tomato Paste,Groceries
Tomato Paste,Groceries
Tomato Paste,Groceries
Olive Oil,Groceries
Basmati Rice,Groceries
Basmati Rice,Groceries
Canned Corn,Groceries
Olive Oil,Groceries
Tomato Paste,Groceries
Olive Oil,Groceries
Olive Oil,Groceries
Canned Corn,Groceries
Olive Oil,Groceries
Tomato Paste,Groceries
Canned Corn,Groceries
Basmati Rice,Groceries
Whole Wheat Pasta,Groceries
Tomato Paste,Groceries
Basmati Rice,Groceries
Basmati Rice,Groceries
Tomato Paste,Groceries
Tomato Paste,Groceries
Tomato Paste,Groceries
Whole Wheat Pasta,Groceries
Whole Wheat Pasta,Groceries
Basmati Rice,Groceries
Whole Wheat Pasta,Groceries
Canned Corn,Groceries
Olive Oil,Groceries
Canned Corn,Groceries
Basmati Rice,Groceries
Canned Corn,Groceries
Olive Oil,Groceries
Canned Corn,Groceries
Olive Oil,Groceries
Tomato Paste,Groceries
Whole Wheat Pasta,Groceries
Canned Corn,Groceries
Tomato Paste,Groceries
Canned Corn,Groceries
Basmati Rice,Groceries
Tomato Paste,Groceries
Olive Oil,Groceries
Basmati Rice,Groceries
Basmati Rice,Groceries
Broccoli,Produce
Carrots,Produce
Cucumbers,Produce
Red Apple,Produce
Red Apple,Produce
Bananas,Produce
Cucumbers,Produce
Bananas,Produce
Broccoli,Produce
Red Apple,Produce
Carrots,Produce
Red Apple,Produce
Broccoli,Produce
Bananas,Produce
Broccoli,Produce
Red Apple,Produce
Cucumbers,Produce
Bananas,Produce
Cucumbers,Produce
Carrots,Produce
Broccoli,Produce
Red Apple,Produce
Cucumbers,Produce
Carrots,Produce
Bananas,Produce
Bananas,Produce
Broccoli,Produce
Bananas,Produce
Cucumbers,Produce
Red Apple,Produce
Carrots,Produce
Broccoli,Produce
Carrots,Produce
Bananas,Produce
Cucumbers,Produce
Red Apple,Produce
Broccoli,Produce
Carrots,Produce
Bananas,Produce
Broccoli,Produce
Cucumbers,Produce
Broccoli,Produce
Red Apple,Produce
Bananas,Produce
Red Apple,Produce
Carrots,Produce
Broccoli,Produce
Cucumbers,Produce
Cucumbers,Produce
Broccoli,Produce
Carrots,Produce
Broccoli,Produce
Red Apple,Produce
Carrots,Produce
Broccoli,Produce
Carrots,Produce
Cucumbers,Produce
Bananas,Produce
Bananas,Produce
Bananas,Produce
Broccoli,Produce
Bananas,Produce
Broccoli,Produce
Broccoli,Produce
Cucumbers,Produce
Cucumbers,Produce
Bananas,Produce
Broccoli,Produce
Carrots,Produce
Cucumbers,Produce
Red Apple,Produce
Cucumbers,Produce
Red Apple,Produce
Bananas,Produce
Carrots,Produce
Cucumbers,Produce
Bananas,Produce
Red Apple,Produce
Red Apple,Produce
Carrots,Produce
Red Apple,Produce
Red Apple,Produce
Cucumbers,Produce
Carrots,Produce
Carrots,Produce
Bananas,Produce
Broccoli,Produce
Carrots,Produce
Carrots,Produce
Carrots,Produce
Cucumbers,Produce
Bananas,Produce
Red Apple,Produce
Carrots,Produce
Bananas,Produce
Carrots,Produce
Cucumbers,Produce
Red Apple,Produce
Red Apple,Produce
Broccoli,Produce
Carrots,Produce
Bananas,Produce
Carrots,Produce
Broccoli,Produce
Cucumbers,Produce
Cucumbers,Produce
Cucumbers,Produce
Cucumbers,Produce
Broccoli,Produce
Bananas,Produce
Red Apple,Produce
Bananas,Produce
Red Apple,Produce
Broccoli,Produce
Carrots,Produce
Carrots,Produce
Broccoli,Produce
Bananas,Produce
Cucumbers,Produce
Bananas,Produce
Broccoli,Produce
Carrots,Produce
Cucumbers,Produce
Bananas,Produce
Carrots,Produce
Red Apple,Produce
Carrots,Produce
Broccoli,Produce
Bananas,Produce
Cucumbers,Produce
Carrots,Produce
Cucumbers,Produce
Red Apple,Produce
Carrots,Produce
Cucumbers,Produce
Bananas,Produce
Bananas,Produce
Broccoli,Produce
Carrots,Produce
Broccoli,Produce
Bananas,Produce
Bananas,Produce
Carrots,Produce
Carrots,Produce
Carrots,Produce
Carrots,Produce
Bananas,Produce
Bananas,Produce
Cucumbers,Produce
Bananas,Produce
Red Apple,Produce
Bananas,Produce
Broccoli,Produce
Carrots,Produce
Carrots,Produce
Red Apple,Produce
Broccoli,Produce
Carrots,Produce
Carrots,Produce
Carrots,Produce
Bananas,Produce
Bananas,Produce
Red Apple,Produce
Carrots,Produce
Cucumbers,Produce
Bananas,Produce
Carrots,Produce
Cucumbers,Produce
Carrots,Produce
Bananas,Produce
Broccoli,Produce
Red Apple,Produce
Red Apple,Produce
Bananas,Produce
Cucumbers,Produce
Red Apple,Produce
Red Apple,Produce
Cucumbers,Produce
Red Apple,Produce
Cucumbers,Produce
Cucumbers,Produce
Carrots,Produce
Cucumbers,Produce
Cucumbers,Produce
Red Apple,Produce
Cucumbers,Produce
Broccoli,Produce
Carrots,Produce
Bananas,Produce
Broccoli,Produce
Cucumbers,Produce
Broccoli,Produce
Red Apple,Produce
Carrots,Produce
Cucumbers,Produce
Red Apple,Produce
Cucumbers,Produce
Bananas,Produce
Broccoli,Produce
Red Apple,Produce
Popcorn,Snacks
Potato Chips,Snacks
Rice Cakes,Snacks
Trail Mix,Snacks
Potato Chips,Snacks
Rice Cakes,Snacks
Potato Chips,Snacks
Popcorn,Snacks
Popcorn,Snacks
Potato Chips,Snacks
Potato Chips,Snacks
Rice Cakes,Snacks
Granola Bars,Snacks
Popcorn,Snacks
Rice Cakes,Snacks
Popcorn,Snacks
Granola Bars,Snacks
Granola Bars,Snacks
Popcorn,Snacks
Popcorn,Snacks
Granola Bars,Snacks
Potato Chips,Snacks
Potato Chips,Snacks
Trail Mix,Snacks
Potato Chips,Snacks
Granola Bars,Snacks
Trail Mix,Snacks
Trail Mix,Snacks
Trail Mix,Snacks
Granola Bars,Snacks
Trail Mix,Snacks
Granola Bars,Snacks
Potato Chips,Snacks
Popcorn,Snacks
Trail Mix,Snacks
Popcorn,Snacks
Granola Bars,Snacks
Trail Mix,Snacks
Trail Mix,Snacks
Trail Mix,Snacks
Rice Cakes,Snacks
Potato Chips,Snacks
Granola Bars,Snacks
Trail Mix,Snacks
Granola Bars,Snacks
Potato Chips,Snacks
Popcorn,Snacks
Popcorn,Snacks
Popcorn,Snacks
Rice Cakes,Snacks
Rice Cakes,Snacks
Trail Mix,Snacks
Rice Cakes,Snacks
Popcorn,Snacks
Trail Mix,Snacks
Popcorn,Snacks
Trail Mix,Snacks
Trail Mix,Snacks
Trail Mix,Snacks
Rice Cakes,Snacks
Granola Bars,Snacks
Potato Chips,Snacks
Popcorn,Snacks
Potato Chips,Snacks
Granola Bars,Snacks
Trail Mix,Snacks
Potato Chips,Snacks
Popcorn,Snacks
Popcorn,Snacks
Granola Bars,Snacks
Popcorn,Snacks
Popcorn,Snacks
Rice Cakes,Snacks
Granola Bars,Snacks
Popcorn,Snacks
Trail Mix,Snacks
Trail Mix,Snacks
Popcorn,Snacks
Popcorn,Snacks
Granola Bars,Snacks
Rice Cakes,Snacks
Popcorn,Snacks
Trail Mix,Snacks
Granola Bars,Snacks
Rice Cakes,Snacks
Rice Cakes,Snacks
Potato Chips,Snacks
Popcorn,Snacks
Granola Bars,Snacks
Trail Mix,Snacks
Trail Mix,Snacks
Trail Mix,Snacks
Granola Bars,Snacks
Popcorn,Snacks
Trail Mix,Snacks
Popcorn,Snacks
Rice Cakes,Snacks
Potato Chips,Snacks
Popcorn,Snacks
Rice Cakes,Snacks
Granola Bars,Snacks
Rice Cakes,Snacks
Rice Cakes,Snacks
Granola Bars,Snacks
Rice Cakes,Snacks
Potato Chips,Snacks
Rice Cakes,Snacks
Trail Mix,Snacks
Potato Chips,Snacks
Potato Chips,Snacks
Trail Mix,Snacks
Potato Chips,Snacks
Rice Cakes,Snacks
Potato Chips,Snacks
Trail Mix,Snacks
Rice Cakes,Snacks
Popcorn,Snacks
Potato Chips,Snacks
Potato Chips,Snacks
Rice Cakes,Snacks
Rice Cakes,Snacks
Popcorn,Snacks
Trail Mix,Snacks
Rice Cakes,Snacks
Granola Bars,Snacks
Potato Chips,Snacks
Trail Mix,Snacks
Rice Cakes,Snacks
Potato Chips,Snacks
Popcorn,Snacks
Potato Chips,Snacks
Rice Cakes,Snacks
Popcorn,Snacks
Potato Chips,Snacks
Granola Bars,Snacks
Trail Mix,Snacks
Popcorn,Snacks
Trail Mix,Snacks
Potato Chips,Snacks
Rice Cakes,Snacks
Trail Mix,Snacks
Potato Chips,Snacks
Rice Cakes,Snacks
Trail Mix,Snacks
Rice Cakes,Snacks
Popcorn,Snacks
Rice Cakes,Snacks
Popcorn,Snacks
Trail Mix,Snacks
Popcorn,Snacks
Potato Chips,Snacks
Popcorn,Snacks
Popcorn,Snacks
Rice Cakes,Snacks
Rice Cakes,Snacks
Rice Cakes,Snacks
Granola Bars,Snacks
Popcorn,Snacks
Granola Bars,Snacks
Granola Bars,Snacks
Granola Bars,Snacks
Trail Mix,Snacks
Rice Cakes,Snacks
Popcorn,Snacks
Rice Cakes,Snacks
Granola Bars,Snacks
Popcorn,Snacks
Trail Mix,Snacks
Trail Mix,Snacks
Potato Chips,Snacks
Popcorn,Snacks
Granola Bars,Snacks
Granola Bars,Snacks
Popcorn,Snacks
Trail Mix,Snacks
Potato Chips,Snacks
Rice Cakes,Snacks
Trail Mix,Snacks
Rice Cakes,Snacks
Trail Mix,Snacks
Trail Mix,Snacks
Trail Mix,Snacks
Trail Mix,Snacks
Popcorn,Snacks
Granola Bars,Snacks
Popcorn,Snacks
Granola Bars,Snacks
Popcorn,Snacks
Granola Bars,Snacks
Potato Chips,Snacks
Popcorn,Snacks
Popcorn,Snacks
Popcorn,Snacks
Popcorn,Snacks
Rice Cakes,Snacks
Potato Chips,Snacks
Popcorn,Snacks
Trail Mix,Snacks
Granola Bars,Snacks
Rice Cakes,Snacks
Apple Juice,Drinks
Orange Juice,Drinks
Lemonade,Drinks
Orange Juice,Drinks
Orange Juice,Drinks
Iced Tea,Drinks
Sparkling Water,Drinks
Apple Juice,Drinks
Iced Tea,Drinks
Sparkling Water,Drinks
Apple Juice,Drinks
Sparkling Water,Drinks
Apple Juice,Drinks
Lemonade,Drinks
Lemonade,Drinks
Lemonade,Drinks
Sparkling Water,Drinks
Apple Juice,Drinks
Apple Juice,Drinks
Iced Tea,Drinks
Apple Juice,Drinks
Apple Juice,Drinks
Orange Juice,Drinks
Orange Juice,Drinks
Orange Juice,Drinks
Sparkling Water,Drinks
Lemonade,Drinks
Iced Tea,Drinks
Sparkling Water,Drinks
Sparkling Water,Drinks
Orange Juice,Drinks
Sparkling Water,Drinks
Iced Tea,Drinks
Lemonade,Drinks
Orange Juice,Drinks
Iced Tea,Drinks
Iced Tea,Drinks
Orange Juice,Drinks
Apple Juice,Drinks
Lemonade,Drinks
Orange Juice,Drinks
Apple Juice,Drinks
Apple Juice,Drinks
Lemonade,Drinks
Apple Juice,Drinks
Lemonade,Drinks
Sparkling Water,Drinks
Lemonade,Drinks
Lemonade,Drinks
Apple Juice,Drinks
Iced Tea,Drinks
Orange Juice,Drinks
Orange Juice,Drinks
Apple Juice,Drinks
Lemonade,Drinks
Iced Tea,Drinks
Sparkling Water,Drinks
Orange Juice,Drinks
Orange Juice,Drinks
Iced Tea,Drinks
Apple Juice,Drinks
Sparkling Water,Drinks
Lemonade,Drinks
Lemonade,Drinks
Apple Juice,Drinks
Apple Juice,Drinks
Apple Juice,Drinks
Apple Juice,Drinks
Apple Juice,Drinks
Iced Tea,Drinks
Apple Juice,Drinks
Orange Juice,Drinks
Sparkling Water,Drinks
Orange Juice,Drinks
Sparkling Water,Drinks
Apple Juice,Drinks
Sparkling Water,Drinks
Lemonade,Drinks
Iced Tea,Drinks
Orange Juice,Drinks
Sparkling Water,Drinks
Sparkling Water,Drinks
Orange Juice,Drinks
Iced Tea,Drinks
Lemonade,Drinks
Lemonade,Drinks
Apple Juice,Drinks
Orange Juice,Drinks
Orange Juice,Drinks
Sparkling Water,Drinks
Lemonade,Drinks
Orange Juice,Drinks
Sparkling Water,Drinks
Apple Juice,Drinks
Apple Juice,Drinks
Iced Tea,Drinks
Sparkling Water,Drinks
Orange Juice,Drinks
Sparkling Water,Drinks
Iced Tea,Drinks
Sparkling Water,Drinks
Orange Juice,Drinks
Lemonade,Drinks
Orange Juice,Drinks
Orange Juice,Drinks
Lemonade,Drinks
Apple Juice,Drinks
Iced Tea,Drinks
Apple Juice,Drinks
Sparkling Water,Drinks
Apple Juice,Drinks
Sparkling Water,Drinks
Apple Juice,Drinks
Iced Tea,Drinks
Orange Juice,Drinks
Lemonade,Drinks
Iced Tea,Drinks
Sparkling Water,Drinks
Lemonade,Drinks
Iced Tea,Drinks
Orange Juice,Drinks
Apple Juice,Drinks
Iced Tea,Drinks
Lemonade,Drinks
Apple Juice,Drinks
Apple Juice,Drinks
Apple Juice,Drinks
Lemonade,Drinks
Lemonade,Drinks
Iced Tea,Drinks
Orange Juice,Drinks
Iced Tea,Drinks
Iced Tea,Drinks
Apple Juice,Drinks
Lemonade,Drinks
Apple Juice,Drinks
Lemonade,Drinks
Sparkling Water,Drinks
Sparkling Water,Drinks
Orange Juice,Drinks
Apple Juice,Drinks
Orange Juice,Drinks
Apple Juice,Drinks
Iced Tea,Drinks
Orange Juice,Drinks
Sparkling Water,Drinks
Orange Juice,Drinks
Sparkling Water,Drinks
Sparkling Water,Drinks
Sparkling Water,Drinks
Orange Juice,Drinks
Lemonade,Drinks
Lemonade,Drinks
Iced Tea,Drinks
Orange Juice,Drinks
Lemonade,Drinks
Lemonade,Drinks
Apple Juice,Drinks
Apple Juice,Drinks
Sparkling Water,Drinks
Sparkling Water,Drinks
Lemonade,Drinks
Orange Juice,Drinks
Sparkling Water,Drinks
Sparkling Water,Drinks
Lemonade,Drinks
Sparkling Water,Drinks
Apple Juice,Drinks
Lemonade,Drinks
Sparkling Water,Drinks
Lemonade,Drinks
Orange Juice,Drinks
Apple Juice,Drinks
Apple Juice,Drinks
Sparkling Water,Drinks
Apple Juice,Drinks
Sparkling Water,Drinks
Apple Juice,Drinks
Orange Juice,Drinks
Orange Juice,Drinks
Orange Juice,Drinks
Iced Tea,Drinks
Apple Juice,Drinks
Apple Juice,Drinks
Iced Tea,Drinks
Sparkling Water,Drinks
Lemonade,Drinks
Iced Tea,Drinks
Sparkling Water,Drinks
Orange Juice,Drinks
Apple Juice,Drinks
Lemonade,Drinks
Iced Tea,Drinks
Lemonade,Drinks
Apple Juice,Drinks
Sparkling Water,Drinks
Apple Juice,Drinks
Orange Juice,Drinks
Lemonade,Drinks
Lemonade,Drinks
Skim Milk,Dairy
Skim Milk,Dairy
Whole Milk,Dairy
Cream Cheese,Dairy
Skim Milk,Dairy
Whole Milk,Dairy
Cottage Cheese,Dairy
Cottage Cheese,Dairy
Cream Cheese,Dairy
Whole Milk,Dairy
Whole Milk,Dairy
Skim Milk,Dairy
Skim Milk,Dairy
Skim Milk,Dairy
Cottage Cheese,Dairy
Cream Cheese,Dairy
Skim Milk,Dairy
Whole Milk,Dairy
Cottage Cheese,Dairy
Cream Cheese,Dairy
Cream Cheese,Dairy
2% Milk,Dairy
Cottage Cheese,Dairy
Whole Milk,Dairy
Skim Milk,Dairy
Cream Cheese,Dairy
2% Milk,Dairy
Cottage Cheese,Dairy
Skim Milk,Dairy
Whole Milk,Dairy
Cream Cheese,Dairy
2% Milk,Dairy
Cream Cheese,Dairy
Whole Milk,Dairy
Whole Milk,Dairy
Skim Milk,Dairy
2% Milk,Dairy
Cream Cheese,Dairy
Whole Milk,Dairy
Skim Milk,Dairy
Cottage Cheese,Dairy
Cottage Cheese,Dairy
Cottage Cheese,Dairy
Cottage Cheese,Dairy
Cottage Cheese,Dairy
Cream Cheese,Dairy
Skim Milk,Dairy
Cream Cheese,Dairy
Cream Cheese,Dairy
Cottage Cheese,Dairy
2% Milk,Dairy
Whole Milk,Dairy
Whole Milk,Dairy
Cream Cheese,Dairy
Cottage Cheese,Dairy
Skim Milk,Dairy
Whole Milk,Dairy
Cream Cheese,Dairy
2% Milk,Dairy
Cottage Cheese,Dairy
Cream Cheese,Dairy
Cottage Cheese,Dairy
2% Milk,Dairy
Skim Milk,Dairy
Cream Cheese,Dairy
2% Milk,Dairy
Whole Milk,Dairy
Cream Cheese,Dairy
Whole Milk,Dairy
Skim Milk,Dairy
Cottage Cheese,Dairy
Cream Cheese,Dairy
Cottage Cheese,Dairy
Cottage Cheese,Dairy
Whole Milk,Dairy
Skim Milk,Dairy
Cream Cheese,Dairy
Skim Milk,Dairy
Cottage Cheese,Dairy
Skim Milk,Dairy
2% Milk,Dairy
2% Milk,Dairy
Cottage Cheese,Dairy
Whole Milk,Dairy
2% Milk,Dairy
2% Milk,Dairy
Cream Cheese,Dairy
Cottage Cheese,Dairy
2% Milk,Dairy
Cottage Cheese,Dairy
2% Milk,Dairy
Whole Milk,Dairy
Cream Cheese,Dairy
Cream Cheese,Dairy
Skim Milk,Dairy
Cream Cheese,Dairy
2% Milk,Dairy
Cottage Cheese,Dairy
Cream Cheese,Dairy
Cream Cheese,Dairy
Cottage Cheese,Dairy
Skim Milk,Dairy
Whole Milk,Dairy
2% Milk,Dairy
Skim Milk,Dairy
2% Milk,Dairy
Cream Cheese,Dairy
Skim Milk,Dairy
Skim Milk,Dairy
Cottage Cheese,Dairy
Whole Milk,Dairy
Skim Milk,Dairy
Cottage Cheese,Dairy
Cottage Cheese,Dairy
2% Milk,Dairy
2% Milk,Dairy
Cream Cheese,Dairy
Whole Milk,Dairy
Cottage Cheese,Dairy
Cream Cheese,Dairy
Skim Milk,Dairy
Cream Cheese,Dairy
Cream Cheese,Dairy
Cream Cheese,Dairy
Cream Cheese,Dairy
Skim Milk,Dairy
Whole Milk,Dairy
Whole Milk,Dairy
Cottage Cheese,Dairy
Whole Milk,Dairy
Cottage Cheese,Dairy
Whole Milk,Dairy
Whole Milk,Dairy
Skim Milk,Dairy
Cottage Cheese,Dairy
Whole Milk,Dairy
2% Milk,Dairy
Cottage Cheese,Dairy
2% Milk,Dairy
Skim Milk,Dairy
Cottage Cheese,Dairy
Whole Milk,Dairy
2% Milk,Dairy
2% Milk,Dairy
Skim Milk,Dairy
Whole Milk,Dairy
Skim Milk,Dairy
Whole Milk,Dairy
Skim Milk,Dairy
Cream Cheese,Dairy
Cream Cheese,Dairy
Cottage Cheese,Dairy
Cottage Cheese,Dairy
Whole Milk,Dairy
Cream Cheese,Dairy
Cottage Cheese,Dairy
Cream Cheese,Dairy
Skim Milk,Dairy
Cream Cheese,Dairy
2% Milk,Dairy
Cream Cheese,Dairy
Whole Milk,Dairy
2% Milk,Dairy
Whole Milk,Dairy
Cream Cheese,Dairy
Cream Cheese,Dairy
2% Milk,Dairy
Whole Milk,Dairy
Cottage Cheese,Dairy
Whole Milk,Dairy
Whole Milk,Dairy
Cream Cheese,Dairy
2% Milk,Dairy
Whole Milk,Dairy
Whole Milk,Dairy
Whole Milk,Dairy
Whole Milk,Dairy
Cottage Cheese,Dairy
Cottage Cheese,Dairy
2% Milk,Dairy
Skim Milk,Dairy
Skim Milk,Dairy
Cottage Cheese,Dairy
2% Milk,Dairy
2% Milk,Dairy
2% Milk,Dairy
Cottage Cheese,Dairy
Whole Milk,Dairy
2% Milk,Dairy
Skim Milk,Dairy
2% Milk,Dairy
Cream Cheese,Dairy
Skim Milk,Dairy
Whole Milk,Dairy
2% Milk,Dairy
Skim Milk,Dairy
Whole Milk,Dairy
Whole Milk,Dairy
Cream Cheese,Dairy
Cream Cheese,Dairy
Cookbook,Books/Magazine
Travel Guide,Books/Magazine
Travel Guide,Books/Magazine
Self-Help Book,Books/Magazine
Travel Guide,Books/Magazine
Travel Guide,Books/Magazine
Self-Help Book,Books/Magazine
Cookbook,Books/Magazine
Self-Help Book,Books/Magazine
Science Fiction Novel,Books/Magazine
Cookbook,Books/Magazine
Children's Book,Books/Magazine
Travel Guide,Books/Magazine
Travel Guide,Books/Magazine
Cookbook,Books/Magazine
Science Fiction Novel,Books/Magazine
Children's Book,Books/Magazine
Self-Help Book,Books/Magazine
Children's Book,Books/Magazine
Self-Help Book,Books/Magazine
Science Fiction Novel,Books/Magazine
Science Fiction Novel,Books/Magazine
Travel Guide,Books/Magazine
Children's Book,Books/Magazine
Travel Guide,Books/Magazine
Children's Book,Books/Magazine
Science Fiction Novel,Books/Magazine
Self-Help Book,Books/Magazine
Cookbook,Books/Magazine
Children's Book,Books/Magazine
Travel Guide,Books/Magazine
Children's Book,Books/Magazine
Children's Book,Books/Magazine
Science Fiction Novel,Books/Magazine
Science Fiction Novel,Books/Magazine
Science Fiction Novel,Books/Magazine
Self-Help Book,Books/Magazine
Cookbook,Books/Magazine
Self-Help Book,Books/Magazine
Science Fiction Novel,Books/Magazine
Science Fiction Novel,Books/Magazine
Children's Book,Books/Magazine
Cookbook,Books/Magazine
Self-Help Book,Books/Magazine
Science Fiction Novel,Books/Magazine
Science Fiction Novel,Books/Magazine
Science Fiction Novel,Books/Magazine
Cookbook,Books/Magazine
Children's Book,Books/Magazine
Travel Guide,Books/Magazine
Travel Guide,Books/Magazine
Cookbook,Books/Magazine
Self-Help Book,Books/Magazine
Science Fiction Novel,Books/Magazine
Science Fiction Novel,Books/Magazine
Children's Book,Books/Magazine
Children's Book,Books/Magazine
Cookbook,Books/Magazine
Travel Guide,Books/Magazine
Children's Book,Books/Magazine
Travel Guide,Books/Magazine
Children's Book,Books/Magazine
Cookbook,Books/Magazine
Science Fiction Novel,Books/Magazine
Children's Book,Books/Magazine
Self-Help Book,Books/Magazine
Travel Guide,Books/Magazine
Travel Guide,Books/Magazine
Travel Guide,Books/Magazine
Self-Help Book,Books/Magazine
Science Fiction Novel,Books/Magazine
Science Fiction Novel,Books/Magazine
Travel Guide,Books/Magazine
Cookbook,Books/Magazine
Cookbook,Books/Magazine
Travel Guide,Books/Magazine
Cookbook,Books/Magazine
Cookbook,Books/Magazine
Travel Guide,Books/Magazine
Self-Help Book,Books/Magazine
Self-Help Book,Books/Magazine
Science Fiction Novel,Books/Magazine
Travel Guide,Books/Magazine
Cookbook,Books/Magazine
Science Fiction Novel,Books/Magazine
Science Fiction Novel,Books/Magazine
Self-Help Book,Books/Magazine
Children's Book,Books/Magazine
Travel Guide,Books/Magazine
Science Fiction Novel,Books/Magazine
Cookbook,Books/Magazine
Science Fiction Novel,Books/Magazine
Cookbook,Books/Magazine
Children's Book,Books/Magazine
Science Fiction Novel,Books/Magazine
Cookbook,Books/Magazine
Travel Guide,Books/Magazine
Children's Book,Books/Magazine
Travel Guide,Books/Magazine
Children's Book,Books/Magazine
Science Fiction Novel,Books/Magazine
Children's Book,Books/Magazine
Travel Guide,Books/Magazine
Self-Help Book,Books/Magazine
Self-Help Book,Books/Magazine
Self-Help Book,Books/Magazine
Cookbook,Books/Magazine
Children's Book,Books/Magazine
Travel Guide,Books/Magazine
Travel Guide,Books/Magazine
Science Fiction Novel,Books/Magazine
Self-Help Book,Books/Magazine
Self-Help Book,Books/Magazine
Travel Guide,Books/Magazine
Science Fiction Novel,Books/Magazine
Children's Book,Books/Magazine
Self-Help Book,Books/Magazine
Children's Book,Books/Magazine
Self-Help Book,Books/Magazine
Cookbook,Books/Magazine
Science Fiction Novel,Books/Magazine
Cookbook,Books/Magazine
Children's Book,Books/Magazine
Travel Guide,Books/Magazine
Science Fiction Novel,Books/Magazine
Cookbook,Books/Magazine
Travel Guide,Books/Magazine
Children's Book,Books/Magazine
Children's Book,Books/Magazine
Science Fiction Novel,Books/Magazine
Cookbook,Books/Magazine
Cookbook,Books/Magazine
Cookbook,Books/Magazine
Travel Guide,Books/Magazine
Science Fiction Novel,Books/Magazine
Cookbook,Books/Magazine
Cookbook,Books/Magazine
Children's Book,Books/Magazine
Self-Help Book,Books/Magazine
Cookbook,Books/Magazine
Travel Guide,Books/Magazine
Science Fiction Novel,Books/Magazine
Travel Guide,Books/Magazine
Self-Help Book,Books/Magazine
Science Fiction Novel,Books/Magazine
Self-Help Book,Books/Magazine
Cookbook,Books/Magazine
Cookbook,Books/Magazine
Travel Guide,Books/Magazine
Self-Help Book,Books/Magazine
Science Fiction Novel,Books/Magazine
Self-Help Book,Books/Magazine
Cookbook,Books/Magazine
Cookbook,Books/Magazine
Cookbook,Books/Magazine
Cookbook,Books/Magazine
Travel Guide,Books/Magazine
Science Fiction Novel,Books/Magazine
Self-Help Book,Books/Magazine
Children's Book,Books/Magazine
Science Fiction Novel,Books/Magazine
Cookbook,Books/Magazine
Self-Help Book,Books/Magazine
Science Fiction Novel,Books/Magazine
Children's Book,Books/Magazine
Self-Help Book,Books/Magazine
Science Fiction Novel,Books/Magazine
Cookbook,Books/Magazine
Cookbook,Books/Magazine
Travel Guide,Books/Magazine
Science Fiction Novel,Books/Magazine
Self-Help Book,Books/Magazine
Self-Help Book,Books/Magazine
Travel Guide,Books/Magazine
Science Fiction Novel,Books/Magazine
Travel Guide,Books/Magazine
Travel Guide,Books/Magazine
Travel Guide,Books/Magazine
Travel Guide,Books/Magazine
Science Fiction Novel,Books/Magazine
Travel Guide,Books/Magazine
Children's Book,Books/Magazine
Cookbook,Books/Magazine
Children's Book,Books/Magazine
Cookbook,Books/Magazine
Children's Book,Books/Magazine
Children's Book,Books/Magazine
Science Fiction Novel,Books/Magazine
Self-Help Book,Books/Magazine
Children's Book,Books/Magazine
Cookbook,Books/Magazine
Travel Guide,Books/Magazine
Self-Help Book,Books/Magazine
Cookbook,Books/Magazine
Science Fiction Novel,Books/Magazine
Self-Help Book,Books/Magazine
Travel Guide,Books/Magazine
Travel Guide,Books/Magazine
Children's Book,Books/Magazine
Children's Book,Books/Magazine
Ground Coffee,Coffee
Whole Bean Coffee,Coffee
French Roast,Coffee
French Roast,Coffee
Ground Coffee,Coffee
French Roast,Coffee
Breakfast Blend,Coffee
Whole Bean Coffee,Coffee
Whole Bean Coffee,Coffee
French Roast,Coffee
Espresso Blend,Coffee
Breakfast Blend,Coffee
Breakfast Blend,Coffee
Breakfast Blend,Coffee
Breakfast Blend,Coffee
French Roast,Coffee
French Roast,Coffee
Ground Coffee,Coffee
Breakfast Blend,Coffee
Breakfast Blend,Coffee
Ground Coffee,Coffee
French Roast,Coffee
Espresso Blend,Coffee
French Roast,Coffee
Breakfast Blend,Coffee
Ground Coffee,Coffee
Ground Coffee,Coffee
Whole Bean Coffee,Coffee
Espresso Blend,Coffee
Breakfast Blend,Coffee
Ground Coffee,Coffee
Whole Bean Coffee,Coffee
Ground Coffee,Coffee
Breakfast Blend,Coffee
Ground Coffee,Coffee
Ground Coffee,Coffee
Breakfast Blend,Coffee
Ground Coffee,Coffee
French Roast,Coffee
Ground Coffee,Coffee
Espresso Blend,Coffee
Whole Bean Coffee,Coffee
Espresso Blend,Coffee
Espresso Blend,Coffee
Breakfast Blend,Coffee
Ground Coffee,Coffee
Espresso Blend,Coffee
Espresso Blend,Coffee
Breakfast Blend,Coffee
Espresso Blend,Coffee
French Roast,Coffee
French Roast,Coffee
Ground Coffee,Coffee
Ground Coffee,Coffee
French Roast,Coffee
Ground Coffee,Coffee
Ground Coffee,Coffee
Breakfast Blend,Coffee
Whole Bean Coffee,Coffee
Ground Coffee,Coffee
French Roast,Coffee
French Roast,Coffee
Ground Coffee,Coffee
French Roast,Coffee
Whole Bean Coffee,Coffee
Breakfast Blend,Coffee
Espresso Blend,Coffee
Espresso Blend,Coffee
French Roast,Coffee
Espresso Blend,Coffee
Ground Coffee,Coffee
Espresso Blend,Coffee
Breakfast Blend,Coffee
Whole Bean Coffee,Coffee
Whole Bean Coffee,Coffee
Whole Bean Coffee,Coffee
Ground Coffee,Coffee
Espresso Blend,Coffee
French Roast,Coffee
Breakfast Blend,Coffee
French Roast,Coffee
Espresso Blend,Coffee
French Roast,Coffee
Espresso Blend,Coffee
Espresso Blend,Coffee
Whole Bean Coffee,Coffee
Ground Coffee,Coffee
Breakfast Blend,Coffee
Espresso Blend,Coffee
Ground Coffee,Coffee
Breakfast Blend,Coffee
French Roast,Coffee
French Roast,Coffee
Ground Coffee,Coffee
Whole Bean Coffee,Coffee
Whole Bean Coffee,Coffee
Breakfast Blend,Coffee
Ground Coffee,Coffee
Ground Coffee,Coffee
Espresso Blend,Coffee
Whole Bean Coffee,Coffee
Whole Bean Coffee,Coffee
Espresso Blend,Coffee
Espresso Blend,Coffee
Breakfast Blend,Coffee
Whole Bean Coffee,Coffee
Whole Bean Coffee,Coffee
French Roast,Coffee
Whole Bean Coffee,Coffee
French Roast,Coffee
Espresso Blend,Coffee
Espresso Blend,Coffee
Espresso Blend,Coffee
Espresso Blend,Coffee
Whole Bean Coffee,Coffee
Espresso Blend,Coffee
French Roast,Coffee
Espresso Blend,Coffee
Breakfast Blend,Coffee
Ground Coffee,Coffee
Espresso Blend,Coffee
French Roast,Coffee
French Roast,Coffee
Whole Bean Coffee,Coffee
Whole Bean Coffee,Coffee
Whole Bean Coffee,Coffee
French Roast,Coffee
French Roast,Coffee
Breakfast Blend,Coffee
French Roast,Coffee
French Roast,Coffee
Ground Coffee,Coffee
Ground Coffee,Coffee
Ground Coffee,Coffee
Ground Coffee,Coffee
Espresso Blend,Coffee
Espresso Blend,Coffee
Ground Coffee,Coffee
Breakfast Blend,Coffee
Espresso Blend,Coffee
Whole Bean Coffee,Coffee
Whole Bean Coffee,Coffee
French Roast,Coffee
French Roast,Coffee
Breakfast Blend,Coffee
Whole Bean Coffee,Coffee
Espresso Blend,Coffee
Breakfast Blend,Coffee
French Roast,Coffee
Ground Coffee,Coffee
Ground Coffee,Coffee
Ground Coffee,Coffee
French Roast,Coffee
Whole Bean Coffee,Coffee
Whole Bean Coffee,Coffee
Breakfast Blend,Coffee
Espresso Blend,Coffee
Whole Bean Coffee,Coffee
Espresso Blend,Coffee
Whole Bean Coffee,Coffee
Espresso Blend,Coffee
Whole Bean Coffee,Coffee
Breakfast Blend,Coffee
Espresso Blend,Coffee
Whole Bean Coffee,Coffee
Breakfast Blend,Coffee
Whole Bean Coffee,Coffee
Espresso Blend,Coffee
Whole Bean Coffee,Coffee
Ground Coffee,Coffee
Whole Bean Coffee,Coffee
Whole Bean Coffee,Coffee
Espresso Blend,Coffee
French Roast,Coffee
French Roast,Coffee
Whole Bean Coffee,Coffee
Whole Bean Coffee,Coffee
Breakfast Blend,Coffee
Ground Coffee,Coffee
Ground Coffee,Coffee
French Roast,Coffee
French Roast,Coffee
Ground Coffee,Coffee
Breakfast Blend,Coffee
Breakfast Blend,Coffee
Breakfast Blend,Coffee
Espresso Blend,Coffee
Espresso Blend,Coffee
Ground Coffee,Coffee
Ground Coffee,Coffee
Whole Bean Coffee,Coffee
Whole Bean Coffee,Coffee
Breakfast Blend,Coffee
Espresso Blend,Coffee
French Roast,Coffee
Ground Coffee,Coffee
Espresso Blend,Coffee
French Roast,Coffee
Espresso Blend,Coffee
Breakfast Blend,Coffee
Blue Jeans,Clothes
White T-Shirt,Clothes
Winter Jacket,Clothes
Winter Jacket,Clothes
Raincoat,Clothes
Raincoat,Clothes
Winter Jacket,Clothes
Hoodie,Clothes
White T-Shirt,Clothes
Hoodie,Clothes
White T-Shirt,Clothes
Hoodie,Clothes
Blue Jeans,Clothes
Blue Jeans,Clothes
Blue Jeans,Clothes
Blue Jeans,Clothes
Winter Jacket,Clothes
Raincoat,Clothes
Hoodie,Clothes
Hoodie,Clothes
White T-Shirt,Clothes
Hoodie,Clothes
Winter Jacket,Clothes
Blue Jeans,Clothes
Raincoat,Clothes
White T-Shirt,Clothes
Hoodie,Clothes
White T-Shirt,Clothes
White T-Shirt,Clothes
Hoodie,Clothes
Hoodie,Clothes
Blue Jeans,Clothes
Winter Jacket,Clothes
Hoodie,Clothes
Blue Jeans,Clothes
Blue Jeans,Clothes
Blue Jeans,Clothes
Winter Jacket,Clothes
Blue Jeans,Clothes
Hoodie,Clothes
Hoodie,Clothes
White T-Shirt,Clothes
Winter Jacket,Clothes
Blue Jeans,Clothes
Raincoat,Clothes
Blue Jeans,Clothes
Hoodie,Clothes
Blue Jeans,Clothes
Raincoat,Clothes
White T-Shirt,Clothes
Raincoat,Clothes
Blue Jeans,Clothes
Raincoat,Clothes
White T-Shirt,Clothes
Hoodie,Clothes
Blue Jeans,Clothes
White T-Shirt,Clothes
Raincoat,Clothes
Raincoat,Clothes
Hoodie,Clothes
Hoodie,Clothes
Hoodie,Clothes
Raincoat,Clothes
Winter Jacket,Clothes
Winter Jacket,Clothes
White T-Shirt,Clothes
Hoodie,Clothes
Winter Jacket,Clothes
White T-Shirt,Clothes
Winter Jacket,Clothes
Hoodie,Clothes
Winter Jacket,Clothes
Winter Jacket,Clothes
White T-Shirt,Clothes
White T-Shirt,Clothes
Hoodie,Clothes
Blue Jeans,Clothes
Hoodie,Clothes
White T-Shirt,Clothes
White T-Shirt,Clothes
Winter Jacket,Clothes
Winter Jacket,Clothes
Blue Jeans,Clothes
Blue Jeans,Clothes
Winter Jacket,Clothes
White T-Shirt,Clothes
Blue Jeans,Clothes
Hoodie,Clothes
Hoodie,Clothes
White T-Shirt,Clothes
Hoodie,Clothes
White T-Shirt,Clothes
Blue Jeans,Clothes
Blue Jeans,Clothes
Raincoat,Clothes
Blue Jeans,Clothes
Hoodie,Clothes
Hoodie,Clothes
White T-Shirt,Clothes
Blue Jeans,Clothes
Blue Jeans,Clothes
White T-Shirt,Clothes
Blue Jeans,Clothes
Winter Jacket,Clothes
Blue Jeans,Clothes
Blue Jeans,Clothes
Winter Jacket,Clothes
Hoodie,Clothes
Winter Jacket,Clothes
Raincoat,Clothes
Hoodie,Clothes
Blue Jeans,Clothes
Winter Jacket,Clothes
Blue Jeans,Clothes
Winter Jacket,Clothes
White T-Shirt,Clothes
White T-Shirt,Clothes
White T-Shirt,Clothes
Winter Jacket,Clothes
White T-Shirt,Clothes
Blue Jeans,Clothes
Blue Jeans,Clothes
Hoodie,Clothes
Blue Jeans,Clothes
Blue Jeans,Clothes
Hoodie,Clothes
Winter Jacket,Clothes
Hoodie,Clothes
Hoodie,Clothes
Winter Jacket,Clothes
Raincoat,Clothes
Raincoat,Clothes
Winter Jacket,Clothes
White T-Shirt,Clothes
Hoodie,Clothes
Hoodie,Clothes
Blue Jeans,Clothes
White T-Shirt,Clothes
Blue Jeans,Clothes
White T-Shirt,Clothes
Raincoat,Clothes
Winter Jacket,Clothes
Blue Jeans,Clothes
Blue Jeans,Clothes
Raincoat,Clothes
Hoodie,Clothes
Hoodie,Clothes
Winter Jacket,Clothes
Hoodie,Clothes
Hoodie,Clothes
Blue Jeans,Clothes
Winter Jacket,Clothes
Raincoat,Clothes
Blue Jeans,Clothes
White T-Shirt,Clothes
Raincoat,Clothes
White T-Shirt,Clothes
White T-Shirt,Clothes
Raincoat,Clothes
White T-Shirt,Clothes
Winter Jacket,Clothes
Blue Jeans,Clothes
Winter Jacket,Clothes
Blue Jeans,Clothes
White T-Shirt,Clothes
Winter Jacket,Clothes
Raincoat,Clothes
Blue Jeans,Clothes
Blue Jeans,Clothes
Winter Jacket,Clothes
Winter Jacket,Clothes
Winter Jacket,Clothes
Winter Jacket,Clothes
Hoodie,Clothes
Hoodie,Clothes
Hoodie,Clothes
Raincoat,Clothes
Winter Jacket,Clothes
Blue Jeans,Clothes
Winter Jacket,Clothes
Raincoat,Clothes
Winter Jacket,Clothes
Blue Jeans,Clothes
Raincoat,Clothes
Winter Jacket,Clothes
Blue Jeans,Clothes
Winter Jacket,Clothes
Raincoat,Clothes
White T-Shirt,Clothes
White T-Shirt,Clothes
Hoodie,Clothes
Blue Jeans,Clothes
Raincoat,Clothes
Hoodie,Clothes
Blue Jeans,Clothes
Winter Jacket,Clothes
Hoodie,Clothes
Raincoat,Clothes
Blue Jeans,Clothes
Raincoat,Clothes
Shampoo,Personal Care
Conditioner,Personal Care
Body Wash,Personal Care
Body Wash,Personal Care
Shampoo,Personal Care
Conditioner,Personal Care
Shampoo,Personal Care
Toothbrush,Personal Care
Shampoo,Personal Care
Conditioner,Personal Care
Shampoo,Personal Care
Conditioner,Personal Care
Shampoo,Personal Care
Conditioner,Personal Care
Conditioner,Personal Care
Conditioner,Personal Care
Shampoo,Personal Care
Toothpaste,Personal Care
Shampoo,Personal Care
Body Wash,Personal Care
Toothbrush,Personal Care
Body Wash,Personal Care
Shampoo,Personal Care
Body Wash,Personal Care
Toothpaste,Personal Care
Body Wash,Personal Care
Toothbrush,Personal Care
Shampoo,Personal Care
Toothpaste,Personal Care
Conditioner,Personal Care
Toothbrush,Personal Care
Body Wash,Personal Care
Toothbrush,Personal Care
Conditioner,Personal Care
Body Wash,Personal Care
Conditioner,Personal Care
Body Wash,Personal Care
Conditioner,Personal Care
Shampoo,Personal Care
Body Wash,Personal Care
Body Wash,Personal Care
Toothbrush,Personal Care
Shampoo,Personal Care
Toothbrush,Personal Care
Shampoo,Personal Care
Shampoo,Personal Care
Body Wash,Personal Care
Conditioner,Personal Care
Shampoo,Personal Care
Body Wash,Personal Care
Conditioner,Personal Care
Body Wash,Personal Care
Toothpaste,Personal Care
Conditioner,Personal Care
Toothpaste,Personal Care
Toothpaste,Personal Care
Body Wash,Personal Care
Conditioner,Personal Care
Shampoo,Personal Care
Body Wash,Personal Care
Toothpaste,Personal Care
Conditioner,Personal Care
Toothpaste,Personal Care
Body Wash,Personal Care
Toothbrush,Personal Care
Toothbrush,Personal Care
Toothbrush,Personal Care
Body Wash,Personal Care
Toothpaste,Personal Care
Shampoo,Personal Care
Shampoo,Personal Care
Toothpaste,Personal Care
Shampoo,Personal Care
Body Wash,Personal Care
Shampoo,Personal Care
Toothpaste,Personal Care
Conditioner,Personal Care
Shampoo,Personal Care
Toothpaste,Personal Care
Shampoo,Personal Care
Body Wash,Personal Care
Conditioner,Personal Care
Toothpaste,Personal Care
Shampoo,Personal Care
Shampoo,Personal Care
Toothpaste,Personal Care
Shampoo,Personal Care
Toothpaste,Personal Care
Toothpaste,Personal Care
Conditioner,Personal Care
Shampoo,Personal Care
Conditioner,Personal Care
Body Wash,Personal Care
Shampoo,Personal Care
Shampoo,Personal Care
Toothbrush,Personal Care
Toothpaste,Personal Care
Body Wash,Personal Care
Shampoo,Personal Care
Conditioner,Personal Care
Toothpaste,Personal Care
Toothbrush,Personal Care
Shampoo,Personal Care
Conditioner,Personal Care
Toothpaste,Personal Care
Shampoo,Personal Care
Body Wash,Personal Care
Toothpaste,Personal Care
Shampoo,Personal Care
Shampoo,Personal Care
Shampoo,Personal Care
Conditioner,Personal Care
Toothpaste,Personal Care
Toothpaste,Personal Care
Body Wash,Personal Care
Body Wash,Personal Care
Toothpaste,Personal Care
Toothpaste,Personal Care
Toothpaste,Personal Care
Toothbrush,Personal Care
Toothpaste,Personal Care
Toothpaste,Personal Care
Conditioner,Personal Care
Toothbrush,Personal Care
Toothbrush,Personal Care
Toothpaste,Personal Care
Toothpaste,Personal Care
Conditioner,Personal Care
Toothpaste,Personal Care
Shampoo,Personal Care
Conditioner,Personal Care
Body Wash,Personal Care
Toothbrush,Personal Care
Conditioner,Personal Care
Shampoo,Personal Care
Conditioner,Personal Care
Toothbrush,Personal Care
Conditioner,Personal Care
Toothbrush,Personal Care
Conditioner,Personal Care
Body Wash,Personal Care
Toothpaste,Personal Care
Toothbrush,Personal Care
Shampoo,Personal Care
Conditioner,Personal Care
Conditioner,Personal Care
Toothbrush,Personal Care
Body Wash,Personal Care
Body Wash,Personal Care
Toothpaste,Personal Care
Toothpaste,Personal Care
Toothbrush,Personal Care
Shampoo,Personal Care
Body Wash,Personal Care
Conditioner,Personal Care
Conditioner,Personal Care
Conditioner,Personal Care
Shampoo,Personal Care
Toothbrush,Personal Care
Toothpaste,Personal Care
Toothpaste,Personal Care
Body Wash,Personal Care
Body Wash,Personal Care
Shampoo,Personal Care
Shampoo,Personal Care
Body Wash,Personal Care
Shampoo,Personal Care
Body Wash,Personal Care
Conditioner,Personal Care
Toothpaste,Personal Care
Toothpaste,Personal Care
Conditioner,Personal Care
Toothpaste,Personal Care
Toothpaste,Personal Care
Toothpaste,Personal Care
Toothpaste,Personal Care
Toothpaste,Personal Care
Toothpaste,Personal Care
Body Wash,Personal Care
Toothbrush,Personal Care
Toothpaste,Personal Care
Toothpaste,Personal Care
Body Wash,Personal Care
Body Wash,Personal Care
Conditioner,Personal Care
Conditioner,Personal Care
Conditioner,Personal Care
Toothpaste,Personal Care
Shampoo,Personal Care
Body Wash,Personal Care
Toothpaste,Personal Care
Body Wash,Personal Care
Toothbrush,Personal Care
Conditioner,Personal Care
Toothbrush,Personal Care
Shampoo,Personal Care
Body Wash,Personal Care
Conditioner,Personal Care
Toothpaste,Personal Care
Body Wash,Personal Care
Paper Towels,Household
Toilet Paper,Household
Paper Towels,Household
Toilet Paper,Household
Laundry Detergent,Household
Sponges,Household
Dish Soap,Household
Paper Towels,Household
Paper Towels,Household
Sponges,Household
Dish Soap,Household
Toilet Paper,Household
Sponges,Household
Dish Soap,Household
Toilet Paper,Household
Dish Soap,Household
Laundry Detergent,Household
Toilet Paper,Household
Paper Towels,Household
Toilet Paper,Household
Dish Soap,Household
Sponges,Household
Sponges,Household
Laundry Detergent,Household
Laundry Detergent,Household
Sponges,Household
Laundry Detergent,Household
Dish Soap,Household
Sponges,Household
Laundry Detergent,Household
Sponges,Household
Dish Soap,Household
Paper Towels,Household
Dish Soap,Household
Toilet Paper,Household
Laundry Detergent,Household
Toilet Paper,Household
Laundry Detergent,Household
Sponges,Household
Sponges,Household
Sponges,Household
Sponges,Household
Paper Towels,Household
Toilet Paper,Household
Sponges,Household
Dish Soap,Household
Sponges,Household
Laundry Detergent,Household
Toilet Paper,Household
Dish Soap,Household
Paper Towels,Household
Dish Soap,Household
Paper Towels,Household
Laundry Detergent,Household
Toilet Paper,Household
Sponges,Household
Toilet Paper,Household
Dish Soap,Household
Laundry Detergent,Household
Laundry Detergent,Household
Dish Soap,Household
Sponges,Household
Laundry Detergent,Household
Sponges,Household
Dish Soap,Household
Toilet Paper,Household
Dish Soap,Household
Toilet Paper,Household
Dish Soap,Household
Sponges,Household
Paper Towels,Household
Laundry Detergent,Household
Toilet Paper,Household
Dish Soap,Household
Laundry Detergent,Household
Laundry Detergent,Household
Toilet Paper,Household
Sponges,Household
Toilet Paper,Household
Sponges,Household
Dish Soap,Household
Sponges,Household
Paper Towels,Household
Laundry Detergent,Household
Dish Soap,Household
Dish Soap,Household
Laundry Detergent,Household
Dish Soap,Household
Paper Towels,Household
Sponges,Household
Laundry Detergent,Household
Laundry Detergent,Household
Laundry Detergent,Household
Toilet Paper,Household
Toilet Paper,Household
Sponges,Household
Laundry Detergent,Household
Paper Towels,Household
Laundry Detergent,Household
Toilet Paper,Household
Sponges,Household
Paper Towels,Household
Paper Towels,Household
Laundry Detergent,Household
Paper Towels,Household
Sponges,Household
Laundry Detergent,Household
Dish Soap,Household
Toilet Paper,Household
Dish Soap,Household
Paper Towels,Household
Toilet Paper,Household
Dish Soap,Household
Paper Towels,Household
Laundry Detergent,Household
Toilet Paper,Household
Paper Towels,Household
Paper Towels,Household
Laundry Detergent,Household
Dish Soap,Household
Sponges,Household
Dish Soap,Household
Laundry Detergent,Household
Dish Soap,Household
Laundry Detergent,Household
Paper Towels,Household
Paper Towels,Household
Paper Towels,Household
Sponges,Household
Dish Soap,Household
Sponges,Household
Laundry Detergent,Household
Paper Towels,Household
Dish Soap,Household
Sponges,Household
Paper Towels,Household
Laundry Detergent,Household
Sponges,Household
Dish Soap,Household
Toilet Paper,Household
Toilet Paper,Household
Laundry Detergent,Household
Sponges,Household
Laundry Detergent,Household
Laundry Detergent,Household
Laundry Detergent,Household
Paper Towels,Household
Paper Towels,Household
Paper Towels,Household
Dish Soap,Household
Paper Towels,Household
Paper Towels,Household
Paper Towels,Household
Laundry Detergent,Household
Dish Soap,Household
Dish Soap,Household
Sponges,Household
Dish Soap,Household
Paper Towels,Household
Toilet Paper,Household
Sponges,Household
Toilet Paper,Household
Dish Soap,Household
Paper Towels,Household
Paper Towels,Household
Paper Towels,Household
Toilet Paper,Household
Paper Towels,Household
Dish Soap,Household
Paper Towels,Household
Dish Soap,Household
Toilet Paper,Household
Laundry Detergent,Household
Paper Towels,Household
Dish Soap,Household
Sponges,Household
Toilet Paper,Household
Sponges,Household
Laundry Detergent,Household
Paper Towels,Household
Paper Towels,Household
Dish Soap,Household
Laundry Detergent,Household
Toilet Paper,Household
Laundry Detergent,Household
Dish Soap,Household
Laundry Detergent,Household
Sponges,Household
Laundry Detergent,Household
Dish Soap,Household
Laundry Detergent,Household
Dish Soap,Household
Laundry Detergent,Household
Sponges,Household
Dish Soap,Household
Sponges,Household
Laundry Detergent,Household
Paper Towels,Household
Dish Soap,Household
Paper Towels,Household
Diapers Size 1,Baby
Infant Formula,Baby
Baby Lotion,Baby
Diapers Size 1,Baby
Baby Wipes,Baby
Baby Lotion,Baby
Baby Shampoo,Baby
Baby Shampoo,Baby
Baby Wipes,Baby
Baby Shampoo,Baby
Baby Wipes,Baby
Baby Shampoo,Baby
Baby Wipes,Baby
Diapers Size 1,Baby
Baby Lotion,Baby
Infant Formula,Baby
Baby Lotion,Baby
Infant Formula,Baby
Infant Formula,Baby
Infant Formula,Baby
Diapers Size 1,Baby
Baby Shampoo,Baby
Infant Formula,Baby
Infant Formula,Baby
Diapers Size 1,Baby
Diapers Size 1,Baby
Baby Wipes,Baby
Infant Formula,Baby
Baby Shampoo,Baby
Baby Lotion,Baby
Infant Formula,Baby
Baby Wipes,Baby
Baby Lotion,Baby
Baby Shampoo,Baby
Baby Wipes,Baby
Baby Lotion,Baby
Diapers Size 1,Baby
Baby Wipes,Baby
Baby Shampoo,Baby
Baby Wipes,Baby
Baby Lotion,Baby
Baby Shampoo,Baby
Infant Formula,Baby
Infant Formula,Baby
Baby Shampoo,Baby
Infant Formula,Baby
Baby Wipes,Baby
Baby Lotion,Baby
Baby Lotion,Baby
Baby Shampoo,Baby
Baby Wipes,Baby
Baby Lotion,Baby
Baby Wipes,Baby
Baby Wipes,Baby
Baby Lotion,Baby
Diapers Size 1,Baby
Baby Lotion,Baby
Baby Lotion,Baby
Diapers Size 1,Baby
Baby Wipes,Baby
Infant Formula,Baby
Infant Formula,Baby
Baby Lotion,Baby
Diapers Size 1,Baby
Infant Formula,Baby
Baby Shampoo,Baby
Baby Wipes,Baby
Diapers Size 1,Baby
Diapers Size 1,Baby
Infant Formula,Baby
Baby Lotion,Baby
Infant Formula,Baby
Infant Formula,Baby
Baby Lotion,Baby
Baby Wipes,Baby
Baby Wipes,Baby
Baby Shampoo,Baby
Baby Wipes,Baby
Baby Wipes,Baby
Baby Shampoo,Baby
Baby Shampoo,Baby
Baby Lotion,Baby
Diapers Size 1,Baby
Infant Formula,Baby
Baby Shampoo,Baby
Baby Shampoo,Baby
Diapers Size 1,Baby
Baby Wipes,Baby
Diapers Size 1,Baby
Infant Formula,Baby
Baby Lotion,Baby
Diapers Size 1,Baby
Baby Wipes,Baby
Baby Shampoo,Baby
Baby Lotion,Baby
Baby Shampoo,Baby
Infant Formula,Baby
Baby Wipes,Baby
Infant Formula,Baby
Baby Wipes,Baby
Diapers Size 1,Baby
Infant Formula,Baby
Baby Lotion,Baby
Baby Shampoo,Baby
Infant Formula,Baby
Baby Lotion,Baby
Diapers Size 1,Baby
Diapers Size 1,Baby
Baby Shampoo,Baby
Diapers Size 1,Baby
Baby Wipes,Baby
Baby Wipes,Baby
Baby Lotion,Baby
Baby Lotion,Baby
Baby Lotion,Baby
Baby Shampoo,Baby
Baby Wipes,Baby
Baby Lotion,Baby
Baby Lotion,Baby
Baby Lotion,Baby
Baby Wipes,Baby
Baby Lotion,Baby
Infant Formula,Baby
Diapers Size 1,Baby
Infant Formula,Baby
Baby Wipes,Baby
Baby Lotion,Baby
Diapers Size 1,Baby
Baby Wipes,Baby
Baby Wipes,Baby
Baby Shampoo,Baby
Baby Shampoo,Baby
Baby Lotion,Baby
Infant Formula,Baby
Baby Lotion,Baby
Baby Lotion,Baby
Baby Shampoo,Baby
Baby Lotion,Baby
Baby Lotion,Baby
Baby Lotion,Baby
Baby Lotion,Baby
Baby Lotion,Baby
Infant Formula,Baby
Baby Shampoo,Baby
Baby Lotion,Baby
Diapers Size 1,Baby
Baby Wipes,Baby
Diapers Size 1,Baby
Infant Formula,Baby
Baby Wipes,Baby
Baby Wipes,Baby
Diapers Size 1,Baby
Diapers Size 1,Baby
Baby Shampoo,Baby
Baby Shampoo,Baby
Baby Wipes,Baby
Baby Wipes,Baby
Diapers Size 1,Baby
Diapers Size 1,Baby
Baby Wipes,Baby
Baby Lotion,Baby
Baby Wipes,Baby
Diapers Size 1,Baby
Infant Formula,Baby
Baby Lotion,Baby
Diapers Size 1,Baby
Diapers Size 1,Baby
Baby Lotion,Baby
Baby Lotion,Baby
Baby Shampoo,Baby
Diapers Size 1,Baby
Baby Shampoo,Baby
Diapers Size 1,Baby
Baby Wipes,Baby
Diapers Size 1,Baby
Baby Lotion,Baby
Diapers Size 1,Baby
Baby Shampoo,Baby
Baby Lotion,Baby
Diapers Size 1,Baby
Baby Wipes,Baby
Infant Formula,Baby
Baby Wipes,Baby
Baby Shampoo,Baby
Baby Wipes,Baby
Baby Lotion,Baby
Infant Formula,Baby
Diapers Size 1,Baby
Infant Formula,Baby
Baby Shampoo,Baby
Diapers Size 1,Baby
Baby Wipes,Baby
Diapers Size 1,Baby
Baby Lotion,Baby
Infant Formula,Baby
Baby Wipes,Baby
Diapers Size 1,Baby
Baby Lotion,Baby
Baby Shampoo,Baby
Baby Wipes,Baby
Cat Food,Pet
Dog Leash,Pet
Dog Leash,Pet
Dog Leash,Pet
Cat Food,Pet
Cat Food,Pet
Dog Food,Pet
Cat Litter,Pet
Dog Food,Pet
Pet Shampoo,Pet
Dog Food,Pet
Cat Litter,Pet
Cat Food,Pet
Dog Food,Pet
Dog Food,Pet
Pet Shampoo,Pet
Pet Shampoo,Pet
Pet Shampoo,Pet
Dog Food,Pet
Dog Food,Pet
Dog Leash,Pet
Cat Food,Pet
Cat Litter,Pet
Dog Leash,Pet
Cat Litter,Pet
Dog Leash,Pet
Cat Litter,Pet
Pet Shampoo,Pet
Dog Leash,Pet
Dog Leash,Pet
Cat Food,Pet
Cat Food,Pet
Dog Leash,Pet
Pet Shampoo,Pet
Dog Leash,Pet
Pet Shampoo,Pet
Cat Litter,Pet
Cat Food,Pet
Dog Food,Pet
Cat Food,Pet
Dog Food,Pet
Cat Litter,Pet
Dog Leash,Pet
Dog Food,Pet
Cat Food,Pet
Cat Litter,Pet
Cat Litter,Pet
Cat Litter,Pet
Cat Food,Pet
Dog Leash,Pet
Dog Food,Pet
Dog Food,Pet
Dog Food,Pet
Cat Food,Pet
Pet Shampoo,Pet
Cat Food,Pet
Dog Leash,Pet
Pet Shampoo,Pet
Dog Food,Pet
Cat Food,Pet
Pet Shampoo,Pet
Dog Leash,Pet
Dog Leash,Pet
Dog Leash,Pet
Cat Food,Pet
Cat Litter,Pet
Cat Litter,Pet
Dog Food,Pet
Cat Food,Pet
Pet Shampoo,Pet
Cat Litter,Pet
Pet Shampoo,Pet
Dog Food,Pet
Cat Food,Pet
Pet Shampoo,Pet
Cat Litter,Pet
Dog Food,Pet
Dog Leash,Pet
Cat Litter,Pet
Cat Litter,Pet
Dog Leash,Pet
Dog Food,Pet
Dog Food,Pet
Dog Food,Pet
Dog Leash,Pet
Cat Litter,Pet
Cat Food,Pet
Cat Litter,Pet
Dog Food,Pet
Cat Litter,Pet
Dog Food,Pet
Dog Food,Pet
Pet Shampoo,Pet
Cat Litter,Pet
Dog Food,Pet
Dog Leash,Pet
Cat Food,Pet
Cat Litter,Pet
Dog Food,Pet
Cat Food,Pet
Dog Leash,Pet
Cat Food,Pet
Dog Food,Pet
Cat Food,Pet
Dog Leash,Pet
Cat Food,Pet
Cat Litter,Pet
Cat Litter,Pet
Dog Food,Pet
Pet Shampoo,Pet
Cat Food,Pet
Dog Leash,Pet
Dog Leash,Pet
Cat Litter,Pet
Cat Food,Pet
Dog Food,Pet
Dog Food,Pet
Cat Food,Pet
Dog Leash,Pet
Dog Leash,Pet
Cat Food,Pet
Dog Leash,Pet
Cat Food,Pet
Cat Litter,Pet
Dog Leash,Pet
Pet Shampoo,Pet
Dog Leash,Pet
Pet Shampoo,Pet
Pet Shampoo,Pet
Cat Food,Pet
Cat Food,Pet
Cat Food,Pet
Cat Food,Pet
Cat Litter,Pet
Dog Leash,Pet
Cat Food,Pet
Cat Food,Pet
Dog Food,Pet
Dog Leash,Pet
Dog Food,Pet
Cat Food,Pet
Pet Shampoo,Pet
Pet Shampoo,Pet
Cat Litter,Pet
Cat Litter,Pet
Dog Leash,Pet
Cat Food,Pet
Cat Food,Pet
Dog Leash,Pet
Cat Food,Pet
Dog Food,Pet
Dog Food,Pet
Cat Litter,Pet
Pet Shampoo,Pet
Dog Leash,Pet
Dog Leash,Pet
Dog Food,Pet
Pet Shampoo,Pet
Cat Litter,Pet
Pet Shampoo,Pet
Pet Shampoo,Pet
Pet Shampoo,Pet
Pet Shampoo,Pet
Cat Food,Pet
Pet Shampoo,Pet
Dog Leash,Pet
Cat Food,Pet
Dog Food,Pet
Dog Leash,Pet
Cat Litter,Pet
Cat Food,Pet
Cat Litter,Pet
Cat Food,Pet
Dog Food,Pet
Cat Litter,Pet
Dog Leash,Pet
Cat Litter,Pet
Dog Leash,Pet
Dog Food,Pet
Dog Food,Pet
Cat Food,Pet
Cat Food,Pet
Cat Litter,Pet
Cat Food,Pet
Pet Shampoo,Pet
Cat Food,Pet
Dog Food,Pet
Pet Shampoo,Pet
Dog Leash,Pet
Pet Shampoo,Pet
Cat Food,Pet
Cat Litter,Pet
Pet Shampoo,Pet
Cat Food,Pet
Cat Food,Pet
Dog Leash,Pet
Cat Food,Pet
Pet Shampoo,Pet
Cat Food,Pet
Pet Shampoo,Pet
Parking Meter Fee,Transportation
Bus Ticket,Transportation
Uber Ride,Transportation
Uber Ride,Transportation
Transit Pass,Transportation
Bus Ticket,Transportation
Parking Meter Fee,Transportation
Gasoline Fill-up,Transportation
Transit Pass,Transportation
Bus Ticket,Transportation
Uber Ride,Transportation
Uber Ride,Transportation
Bus Ticket,Transportation
Parking Meter Fee,Transportation
Transit Pass,Transportation
Bus Ticket,Transportation
Bus Ticket,Transportation
Uber Ride,Transportation
Bus Ticket,Transportation
Uber Ride,Transportation
Gasoline Fill-up,Transportation
Transit Pass,Transportation
Parking Meter Fee,Transportation
Uber Ride,Transportation
Uber Ride,Transportation
Bus Ticket,Transportation
Gasoline Fill-up,Transportation
Gasoline Fill-up,Transportation
Transit Pass,Transportation
Bus Ticket,Transportation
Uber Ride,Transportation
Parking Meter Fee,Transportation
Transit Pass,Transportation
Uber Ride,Transportation
Bus Ticket,Transportation
Bus Ticket,Transportation
Transit Pass,Transportation
Gasoline Fill-up,Transportation
Parking Meter Fee,Transportation
Gasoline Fill-up,Transportation
Parking Meter Fee,Transportation
Parking Meter Fee,Transportation
Transit Pass,Transportation
Gasoline Fill-up,Transportation
Bus Ticket,Transportation
Gasoline Fill-up,Transportation
Parking Meter Fee,Transportation
Gasoline Fill-up,Transportation
Uber Ride,Transportation
Bus Ticket,Transportation
Bus Ticket,Transportation
Bus Ticket,Transportation
Transit Pass,Transportation
Parking Meter Fee,Transportation
Uber Ride,Transportation
Uber Ride,Transportation
Parking Meter Fee,Transportation
Bus Ticket,Transportation
Gasoline Fill-up,Transportation
Bus Ticket,Transportation
Bus Ticket,Transportation
Bus Ticket,Transportation
Gasoline Fill-up,Transportation
Uber Ride,Transportation
Parking Meter Fee,Transportation
Transit Pass,Transportation
Parking Meter Fee,Transportation
Bus Ticket,Transportation
Parking Meter Fee,Transportation
Transit Pass,Transportation
Bus Ticket,Transportation
Parking Meter Fee,Transportation
Parking Meter Fee,Transportation
Parking Meter Fee,Transportation
Bus Ticket,Transportation
Transit Pass,Transportation
Transit Pass,Transportation
Transit Pass,Transportation
Gasoline Fill-up,Transportation
Uber Ride,Transportation
Uber Ride,Transportation
Parking Meter Fee,Transportation
Parking Meter Fee,Transportation
Gasoline Fill-up,Transportation
Uber Ride,Transportation
Bus Ticket,Transportation
Transit Pass,Transportation
Bus Ticket,Transportation
Gasoline Fill-up,Transportation
Parking Meter Fee,Transportation
Gasoline Fill-up,Transportation
Bus Ticket,Transportation
Gasoline Fill-up,Transportation
Bus Ticket,Transportation
Bus Ticket,Transportation
Transit Pass,Transportation
Transit Pass,Transportation
Parking Meter Fee,Transportation
Uber Ride,Transportation
Uber Ride,Transportation
Gasoline Fill-up,Transportation
Gasoline Fill-up,Transportation
Bus Ticket,Transportation
Gasoline Fill-up,Transportation
Bus Ticket,Transportation
Parking Meter Fee,Transportation
Gasoline Fill-up,Transportation
Bus Ticket,Transportation
Uber Ride,Transportation
Parking Meter Fee,Transportation
Uber Ride,Transportation
Gasoline Fill-up,Transportation
Bus Ticket,Transportation
Transit Pass,Transportation
Bus Ticket,Transportation
Parking Meter Fee,Transportation
Gasoline Fill-up,Transportation
Bus Ticket,Transportation
Transit Pass,Transportation
Uber Ride,Transportation
Uber Ride,Transportation
Uber Ride,Transportation
Gasoline Fill-up,Transportation
Uber Ride,Transportation
Transit Pass,Transportation
Uber Ride,Transportation
Gasoline Fill-up,Transportation
Transit Pass,Transportation
Gasoline Fill-up,Transportation
Transit Pass,Transportation
Bus Ticket,Transportation
Uber Ride,Transportation
Gasoline Fill-up,Transportation
Uber Ride,Transportation
Parking Meter Fee,Transportation
Uber Ride,Transportation
Gasoline Fill-up,Transportation
Bus Ticket,Transportation
Gasoline Fill-up,Transportation
Gasoline Fill-up,Transportation
Bus Ticket,Transportation
Uber Ride,Transportation
Gasoline Fill-up,Transportation
Transit Pass,Transportation
Gasoline Fill-up,Transportation
Transit Pass,Transportation
Uber Ride,Transportation
Parking Meter Fee,Transportation
Parking Meter Fee,Transportation
Gasoline Fill-up,Transportation
Uber Ride,Transportation
Bus Ticket,Transportation
Bus Ticket,Transportation
Bus Ticket,Transportation
Gasoline Fill-up,Transportation
Uber Ride,Transportation
Gasoline Fill-up,Transportation
Bus Ticket,Transportation
Transit Pass,Transportation
Gasoline Fill-up,Transportation
Transit Pass,Transportation
Transit Pass,Transportation
Bus Ticket,Transportation
Bus Ticket,Transportation
Gasoline Fill-up,Transportation
Bus Ticket,Transportation
Transit Pass,Transportation
Parking Meter Fee,Transportation
Gasoline Fill-up,Transportation
Bus Ticket,Transportation
Bus Ticket,Transportation
Gasoline Fill-up,Transportation
Transit Pass,Transportation
Uber Ride,Transportation
Uber Ride,Transportation
Parking Meter Fee,Transportation
Parking Meter Fee,Transportation
Bus Ticket,Transportation
Parking Meter Fee,Transportation
Parking Meter Fee,Transportation
Parking Meter Fee,Transportation
Parking Meter Fee,Transportation
Transit Pass,Transportation
Gasoline Fill-up,Transportation
Uber Ride,Transportation
Gasoline Fill-up,Transportation
Bus Ticket,Transportation
Uber Ride,Transportation
Gasoline Fill-up,Transportation
Parking Meter Fee,Transportation
Parking Meter Fee,Transportation
Bus Ticket,Transportation
Gasoline Fill-up,Transportation
Bus Ticket,Transportation
Parking Meter Fee,Transportation
Parking Meter Fee,Transportation
Gasoline Fill-up,Transportation
Uber Ride,Transportation
Uber Ride,Transportation
Parking Meter Fee,Transportation
Thermometer,Healthcare
Cough Syrup,Healthcare
Cough Syrup,Healthcare
Cough Syrup,Healthcare
Pain Reliever,Healthcare
Cough Syrup,Healthcare
Cough Syrup,Healthcare
Pain Reliever,Healthcare
Cough Syrup,Healthcare
Cough Syrup,Healthcare
Thermometer,Healthcare
Pain Reliever,Healthcare
Cough Syrup,Healthcare
Allergy Medication,Healthcare
Cough Syrup,Healthcare
Allergy Medication,Healthcare
Thermometer,Healthcare
Thermometer,Healthcare
Allergy Medication,Healthcare
Vitamins,Healthcare
Cough Syrup,Healthcare
Vitamins,Healthcare
Pain Reliever,Healthcare
Cough Syrup,Healthcare
Cough Syrup,Healthcare
Cough Syrup,Healthcare
Allergy Medication,Healthcare
Pain Reliever,Healthcare
Pain Reliever,Healthcare
Cough Syrup,Healthcare
Cough Syrup,Healthcare
Vitamins,Healthcare
Pain Reliever,Healthcare
Vitamins,Healthcare
Vitamins,Healthcare
Pain Reliever,Healthcare
Pain Reliever,Healthcare
Vitamins,Healthcare
Allergy Medication,Healthcare
Thermometer,Healthcare
Cough Syrup,Healthcare
Pain Reliever,Healthcare
Cough Syrup,Healthcare
Vitamins,Healthcare
Cough Syrup,Healthcare
Allergy Medication,Healthcare
Thermometer,Healthcare
Allergy Medication,Healthcare
Cough Syrup,Healthcare
Cough Syrup,Healthcare
Thermometer,Healthcare
Cough Syrup,Healthcare
Thermometer,Healthcare
Cough Syrup,Healthcare
Allergy Medication,Healthcare
Pain Reliever,Healthcare
Pain Reliever,Healthcare
Vitamins,Healthcare
Cough Syrup,Healthcare
Vitamins,Healthcare
Thermometer,Healthcare
Cough Syrup,Healthcare
Allergy Medication,Healthcare
Vitamins,Healthcare
Pain Reliever,Healthcare
Vitamins,Healthcare
Thermometer,Healthcare
Cough Syrup,Healthcare
Pain Reliever,Healthcare
Allergy Medication,Healthcare
Thermometer,Healthcare
Vitamins,Healthcare
Allergy Medication,Healthcare
Allergy Medication,Healthcare
Thermometer,Healthcare
Cough Syrup,Healthcare
Pain Reliever,Healthcare
Allergy Medication,Healthcare
Pain Reliever,Healthcare
Allergy Medication,Healthcare
Cough Syrup,Healthcare
Vitamins,Healthcare
Vitamins,Healthcare
Thermometer,Healthcare
Allergy Medication,Healthcare
Vitamins,Healthcare
Allergy Medication,Healthcare
Cough Syrup,Healthcare
Thermometer,Healthcare
Vitamins,Healthcare
Allergy Medication,Healthcare
Pain Reliever,Healthcare
Cough Syrup,Healthcare
Cough Syrup,Healthcare
Allergy Medication,Healthcare
Vitamins,Healthcare
Vitamins,Healthcare
Allergy Medication,Healthcare
Vitamins,Healthcare
Allergy Medication,Healthcare
Allergy Medication,Healthcare
Vitamins,Healthcare
Cough Syrup,Healthcare
Pain Reliever,Healthcare
Vitamins,Healthcare
Thermometer,Healthcare
Vitamins,Healthcare
Allergy Medication,Healthcare
Vitamins,Healthcare
Allergy Medication,Healthcare
Allergy Medication,Healthcare
Cough Syrup,Healthcare
Allergy Medication,Healthcare
Vitamins,Healthcare
Vitamins,Healthcare
Cough Syrup,Healthcare
Thermometer,Healthcare
Cough Syrup,Healthcare
Vitamins,Healthcare
Cough Syrup,Healthcare
Cough Syrup,Healthcare
Vitamins,Healthcare
Pain Reliever,Healthcare
Pain Reliever,Healthcare
Vitamins,Healthcare
Vitamins,Healthcare
Allergy Medication,Healthcare
Thermometer,Healthcare
Thermometer,Healthcare
Cough Syrup,Healthcare
Vitamins,Healthcare
Cough Syrup,Healthcare
Thermometer,Healthcare
Allergy Medication,Healthcare
Cough Syrup,Healthcare
Cough Syrup,Healthcare
Vitamins,Healthcare
Allergy Medication,Healthcare
Thermometer,Healthcare
Allergy Medication,Healthcare
Allergy Medication,Healthcare
Cough Syrup,Healthcare
Vitamins,Healthcare
Thermometer,Healthcare
Allergy Medication,Healthcare
Cough Syrup,Healthcare
Pain Reliever,Healthcare
Cough Syrup,Healthcare
Allergy Medication,Healthcare
Thermometer,Healthcare
Cough Syrup,Healthcare
Vitamins,Healthcare
Allergy Medication,Healthcare
Thermometer,Healthcare
Pain Reliever,Healthcare
Allergy Medication,Healthcare
Thermometer,Healthcare
Thermometer,Healthcare
Thermometer,Healthcare
Thermometer,Healthcare
Allergy Medication,Healthcare
Thermometer,Healthcare
Allergy Medication,Healthcare
Allergy Medication,Healthcare
Vitamins,Healthcare
Cough Syrup,Healthcare
Vitamins,Healthcare
Allergy Medication,Healthcare
Thermometer,Healthcare
Cough Syrup,Healthcare
Vitamins,Healthcare
Vitamins,Healthcare
Thermometer,Healthcare
Cough Syrup,Healthcare
Vitamins,Healthcare
Cough Syrup,Healthcare
Allergy Medication,Healthcare
Vitamins,Healthcare
Thermometer,Healthcare
Pain Reliever,Healthcare
Cough Syrup,Healthcare
Allergy Medication,Healthcare
Thermometer,Healthcare
Thermometer,Healthcare
Thermometer,Healthcare
Allergy Medication,Healthcare
Cough Syrup,Healthcare
Vitamins,Healthcare
Pain Reliever,Healthcare
Allergy Medication,Healthcare
Cough Syrup,Healthcare
Allergy Medication,Healthcare
Thermometer,Healthcare
Vitamins,Healthcare
Vitamins,Healthcare
Vitamins,Healthcare
Vitamins,Healthcare
Cough Syrup,Healthcare
Vitamins,Healthcare
Pain Reliever,Healthcare
Pasta Bowl,Dining out
Sushi Roll,Dining out
Chicken Wrap,Dining out
Sushi Roll,Dining out
Pasta Bowl,Dining out
Burger Combo,Dining out
Sushi Roll,Dining out
Pasta Bowl,Dining out
Chicken Wrap,Dining out
Chicken Wrap,Dining out
Pizza Slice,Dining out
Chicken Wrap,Dining out
Burger Combo,Dining out
Sushi Roll,Dining out
Pasta Bowl,Dining out
Pizza Slice,Dining out
Chicken Wrap,Dining out
Chicken Wrap,Dining out
Chicken Wrap,Dining out
Chicken Wrap,Dining out
Pasta Bowl,Dining out
Pasta Bowl,Dining out
Pasta Bowl,Dining out
Chicken Wrap,Dining out
Pizza Slice,Dining out
Sushi Roll,Dining out
Burger Combo,Dining out
Pasta Bowl,Dining out
Sushi Roll,Dining out
Chicken Wrap,Dining out
Pasta Bowl,Dining out
Chicken Wrap,Dining out
Burger Combo,Dining out
Sushi Roll,Dining out
Chicken Wrap,Dining out
Sushi Roll,Dining out
Burger Combo,Dining out
Chicken Wrap,Dining out
Sushi Roll,Dining out
Sushi Roll,Dining out
Burger Combo,Dining out
Burger Combo,Dining out
Pizza Slice,Dining out
Chicken Wrap,Dining out
Sushi Roll,Dining out
Pizza Slice,Dining out
Pasta Bowl,Dining out
Pasta Bowl,Dining out
Pasta Bowl,Dining out
Pizza Slice,Dining out
Burger Combo,Dining out
Sushi Roll,Dining out
Sushi Roll,Dining out
Burger Combo,Dining out
Sushi Roll,Dining out
Chicken Wrap,Dining out
Chicken Wrap,Dining out
Pasta Bowl,Dining out
Chicken Wrap,Dining out
Sushi Roll,Dining out
Burger Combo,Dining out
Pizza Slice,Dining out
Pizza Slice,Dining out
Sushi Roll,Dining out
Pizza Slice,Dining out
Chicken Wrap,Dining out
Burger Combo,Dining out
Sushi Roll,Dining out
Pizza Slice,Dining out
Sushi Roll,Dining out
Pizza Slice,Dining out
Pizza Slice,Dining out
Pasta Bowl,Dining out
Chicken Wrap,Dining out
Chicken Wrap,Dining out
Pasta Bowl,Dining out
Sushi Roll,Dining out
Chicken Wrap,Dining out
Pizza Slice,Dining out
Chicken Wrap,Dining out
Sushi Roll,Dining out
Sushi Roll,Dining out
Pizza Slice,Dining out
Sushi Roll,Dining out
Sushi Roll,Dining out
Burger Combo,Dining out
Sushi Roll,Dining out
Chicken Wrap,Dining out
Pasta Bowl,Dining out
Burger Combo,Dining out
Chicken Wrap,Dining out
Pasta Bowl,Dining out
Burger Combo,Dining out
Pasta Bowl,Dining out
Sushi Roll,Dining out
Pasta Bowl,Dining out
Burger Combo,Dining out
Pasta Bowl,Dining out
Pizza Slice,Dining out
Pizza Slice,Dining out
Pizza Slice,Dining out
Pasta Bowl,Dining out
Chicken Wrap,Dining out
Chicken Wrap,Dining out
Pizza Slice,Dining out
Burger Combo,Dining out
Burger Combo,Dining out
Chicken Wrap,Dining out
Pasta Bowl,Dining out
Pasta Bowl,Dining out
Pizza Slice,Dining out
Chicken Wrap,Dining out
Sushi Roll,Dining out
Pasta Bowl,Dining out
Burger Combo,Dining out
Sushi Roll,Dining out
Pizza Slice,Dining out
Pizza Slice,Dining out
Sushi Roll,Dining out
Chicken Wrap,Dining out
Pasta Bowl,Dining out
Pizza Slice,Dining out
Chicken Wrap,Dining out
Chicken Wrap,Dining out
Pasta Bowl,Dining out
Sushi Roll,Dining out
Burger Combo,Dining out
Pasta Bowl,Dining out
Sushi Roll,Dining out
Burger Combo,Dining out
Pasta Bowl,Dining out
Pizza Slice,Dining out
Sushi Roll,Dining out
Sushi Roll,Dining out
Pasta Bowl,Dining out
Pasta Bowl,Dining out
Pasta Bowl,Dining out
Sushi Roll,Dining out
Chicken Wrap,Dining out
Pasta Bowl,Dining out
Sushi Roll,Dining out
Burger Combo,Dining out
Pizza Slice,Dining out
Chicken Wrap,Dining out
Burger Combo,Dining out
Pizza Slice,Dining out
Chicken Wrap,Dining out
Chicken Wrap,Dining out
Pasta Bowl,Dining out
Sushi Roll,Dining out
Burger Combo,Dining out
Pasta Bowl,Dining out
Pizza Slice,Dining out
Chicken Wrap,Dining out
Chicken Wrap,Dining out
Burger Combo,Dining out
Pizza Slice,Dining out
Sushi Roll,Dining out
Sushi Roll,Dining out
Sushi Roll,Dining out
Sushi Roll,Dining out
Pasta Bowl,Dining out
Pizza Slice,Dining out
Sushi Roll,Dining out
Sushi Roll,Dining out
Pasta Bowl,Dining out
Pasta Bowl,Dining out
Chicken Wrap,Dining out
Burger Combo,Dining out
Pasta Bowl,Dining out
Chicken Wrap,Dining out
Burger Combo,Dining out
Chicken Wrap,Dining out
Sushi Roll,Dining out
Pasta Bowl,Dining out
Sushi Roll,Dining out
Pizza Slice,Dining out
Burger Combo,Dining out
Burger Combo,Dining out
Pizza Slice,Dining out
Chicken Wrap,Dining out
Burger Combo,Dining out
Burger Combo,Dining out
Sushi Roll,Dining out
Pizza Slice,Dining out
Burger Combo,Dining out
Chicken Wrap,Dining out
Sushi Roll,Dining out
Pasta Bowl,Dining out
Pasta Bowl,Dining out
Sushi Roll,Dining out
Pizza Slice,Dining out
Pizza Slice,Dining out
Pasta Bowl,Dining out
Pizza Slice,Dining out
Sushi Roll,Dining out
Pasta Bowl,Dining out
Burger Combo,Dining out
Pizza Slice,Dining out
Burger Combo,Dining out
Theatre Pass,Entertainment
Theatre Pass,Entertainment
Movie Ticket,Entertainment
Museum Admission,Entertainment
Theatre Pass,Entertainment
Movie Ticket,Entertainment
Concert Ticket,Entertainment
Theatre Pass,Entertainment
Museum Admission,Entertainment
Theatre Pass,Entertainment
Museum Admission,Entertainment
Theatre Pass,Entertainment
Theatre Pass,Entertainment
Museum Admission,Entertainment
Museum Admission,Entertainment
Museum Admission,Entertainment
Movie Ticket,Entertainment
Theatre Pass,Entertainment
Arcade Tokens,Entertainment
Museum Admission,Entertainment
Theatre Pass,Entertainment
Concert Ticket,Entertainment
Theatre Pass,Entertainment
Arcade Tokens,Entertainment
Arcade Tokens,Entertainment
Movie Ticket,Entertainment
Concert Ticket,Entertainment
Theatre Pass,Entertainment
Concert Ticket,Entertainment
Museum Admission,Entertainment
Concert Ticket,Entertainment
Concert Ticket,Entertainment
Museum Admission,Entertainment
Arcade Tokens,Entertainment
Museum Admission,Entertainment
Concert Ticket,Entertainment
Arcade Tokens,Entertainment
Concert Ticket,Entertainment
Movie Ticket,Entertainment
Movie Ticket,Entertainment
Theatre Pass,Entertainment
Concert Ticket,Entertainment
Museum Admission,Entertainment
Theatre Pass,Entertainment
Theatre Pass,Entertainment
Museum Admission,Entertainment
Arcade Tokens,Entertainment
Arcade Tokens,Entertainment
Concert Ticket,Entertainment
Theatre Pass,Entertainment
Concert Ticket,Entertainment
Concert Ticket,Entertainment
Movie Ticket,Entertainment
Theatre Pass,Entertainment
Theatre Pass,Entertainment
Concert Ticket,Entertainment
Museum Admission,Entertainment
Museum Admission,Entertainment
Museum Admission,Entertainment
Concert Ticket,Entertainment
Concert Ticket,Entertainment
Theatre Pass,Entertainment
Movie Ticket,Entertainment
Museum Admission,Entertainment
Arcade Tokens,Entertainment
Concert Ticket,Entertainment
Concert Ticket,Entertainment
Arcade Tokens,Entertainment
Movie Ticket,Entertainment
Theatre Pass,Entertainment
Museum Admission,Entertainment
Movie Ticket,Entertainment
Museum Admission,Entertainment
Theatre Pass,Entertainment
Theatre Pass,Entertainment
Movie Ticket,Entertainment
Theatre Pass,Entertainment
Theatre Pass,Entertainment
Concert Ticket,Entertainment
Museum Admission,Entertainment
Theatre Pass,Entertainment
Arcade Tokens,Entertainment
Concert Ticket,Entertainment
Arcade Tokens,Entertainment
Concert Ticket,Entertainment
Movie Ticket,Entertainment
Theatre Pass,Entertainment
Museum Admission,Entertainment
Arcade Tokens,Entertainment
Concert Ticket,Entertainment
Theatre Pass,Entertainment
Theatre Pass,Entertainment
Concert Ticket,Entertainment
Arcade Tokens,Entertainment
Concert Ticket,Entertainment
Arcade Tokens,Entertainment
Concert Ticket,Entertainment
Concert Ticket,Entertainment
Theatre Pass,Entertainment
Movie Ticket,Entertainment
Concert Ticket,Entertainment
Theatre Pass,Entertainment
Concert Ticket,Entertainment
Movie Ticket,Entertainment
Arcade Tokens,Entertainment
Arcade Tokens,Entertainment
Movie Ticket,Entertainment
Museum Admission,Entertainment
Museum Admission,Entertainment
Theatre Pass,Entertainment
Movie Ticket,Entertainment
Arcade Tokens,Entertainment
Movie Ticket,Entertainment
Movie Ticket,Entertainment
Museum Admission,Entertainment
Theatre Pass,Entertainment
Theatre Pass,Entertainment
Theatre Pass,Entertainment
Arcade Tokens,Entertainment
Theatre Pass,Entertainment
Museum Admission,Entertainment
Museum Admission,Entertainment
Concert Ticket,Entertainment
Concert Ticket,Entertainment
Museum Admission,Entertainment
Museum Admission,Entertainment
Theatre Pass,Entertainment
Concert Ticket,Entertainment
Movie Ticket,Entertainment
Museum Admission,Entertainment
Concert Ticket,Entertainment
Arcade Tokens,Entertainment
Theatre Pass,Entertainment
Arcade Tokens,Entertainment
Concert Ticket,Entertainment
Movie Ticket,Entertainment
Arcade Tokens,Entertainment
Movie Ticket,Entertainment
Movie Ticket,Entertainment
Museum Admission,Entertainment
Arcade Tokens,Entertainment
Arcade Tokens,Entertainment
Movie Ticket,Entertainment
Arcade Tokens,Entertainment
Museum Admission,Entertainment
Theatre Pass,Entertainment
Concert Ticket,Entertainment
Movie Ticket,Entertainment
Concert Ticket,Entertainment
Theatre Pass,Entertainment
Arcade Tokens,Entertainment
Concert Ticket,Entertainment
Arcade Tokens,Entertainment
Arcade Tokens,Entertainment
Movie Ticket,Entertainment
Museum Admission,Entertainment
Concert Ticket,Entertainment
Concert Ticket,Entertainment
Concert Ticket,Entertainment
Museum Admission,Entertainment
Museum Admission,Entertainment
Theatre Pass,Entertainment
Movie Ticket,Entertainment
Concert Ticket,Entertainment
Movie Ticket,Entertainment
Movie Ticket,Entertainment
Museum Admission,Entertainment
Concert Ticket,Entertainment
Museum Admission,Entertainment
Museum Admission,Entertainment
Arcade Tokens,Entertainment
Museum Admission,Entertainment
Movie Ticket,Entertainment
Museum Admission,Entertainment
Concert Ticket,Entertainment
Concert Ticket,Entertainment
Museum Admission,Entertainment
Theatre Pass,Entertainment
Museum Admission,Entertainment
Concert Ticket,Entertainment
Movie Ticket,Entertainment
Theatre Pass,Entertainment
Theatre Pass,Entertainment
Arcade Tokens,Entertainment
Arcade Tokens,Entertainment
Concert Ticket,Entertainment
Arcade Tokens,Entertainment
Arcade Tokens,Entertainment
Movie Ticket,Entertainment
Movie Ticket,Entertainment
Concert Ticket,Entertainment
Theatre Pass,Entertainment
Concert Ticket,Entertainment
Movie Ticket,Entertainment
Arcade Tokens,Entertainment
Movie Ticket,Entertainment
Arcade Tokens,Entertainment
Movie Ticket,Entertainment
Museum Admission,Entertainment
Movie Ticket,Entertainment
Box of Chocolates,Gift & Flowers
Greeting Card,Gift & Flowers
Box of Chocolates,Gift & Flowers
Flower Bouquet,Gift & Flowers
Box of Chocolates,Gift & Flowers
Scented Candle,Gift & Flowers
Flower Bouquet,Gift & Flowers
Gift Bag,Gift & Flowers
Scented Candle,Gift & Flowers
Greeting Card,Gift & Flowers
Greeting Card,Gift & Flowers
Flower Bouquet,Gift & Flowers
Greeting Card,Gift & Flowers
Gift Bag,Gift & Flowers
Gift Bag,Gift & Flowers
Scented Candle,Gift & Flowers
Greeting Card,Gift & Flowers
Greeting Card,Gift & Flowers
Scented Candle,Gift & Flowers
Greeting Card,Gift & Flowers
Flower Bouquet,Gift & Flowers
Scented Candle,Gift & Flowers
Box of Chocolates,Gift & Flowers
Scented Candle,Gift & Flowers
Greeting Card,Gift & Flowers
Box of Chocolates,Gift & Flowers
Gift Bag,Gift & Flowers
Scented Candle,Gift & Flowers
Flower Bouquet,Gift & Flowers
Greeting Card,Gift & Flowers
Gift Bag,Gift & Flowers
Flower Bouquet,Gift & Flowers
Box of Chocolates,Gift & Flowers
Scented Candle,Gift & Flowers
Greeting Card,Gift & Flowers
Flower Bouquet,Gift & Flowers
Flower Bouquet,Gift & Flowers
Scented Candle,Gift & Flowers
Greeting Card,Gift & Flowers
Box of Chocolates,Gift & Flowers
Greeting Card,Gift & Flowers
Gift Bag,Gift & Flowers
Box of Chocolates,Gift & Flowers
Box of Chocolates,Gift & Flowers
Greeting Card,Gift & Flowers
Flower Bouquet,Gift & Flowers
Greeting Card,Gift & Flowers
Greeting Card,Gift & Flowers
Flower Bouquet,Gift & Flowers
Greeting Card,Gift & Flowers
Box of Chocolates,Gift & Flowers
Flower Bouquet,Gift & Flowers
Scented Candle,Gift & Flowers
Flower Bouquet,Gift & Flowers
Box of Chocolates,Gift & Flowers
Scented Candle,Gift & Flowers
Greeting Card,Gift & Flowers
Flower Bouquet,Gift & Flowers
Greeting Card,Gift & Flowers
Gift Bag,Gift & Flowers
Flower Bouquet,Gift & Flowers
Box of Chocolates,Gift & Flowers
Gift Bag,Gift & Flowers
Scented Candle,Gift & Flowers
Scented Candle,Gift & Flowers
Gift Bag,Gift & Flowers
Box of Chocolates,Gift & Flowers
Greeting Card,Gift & Flowers
Scented Candle,Gift & Flowers
Flower Bouquet,Gift & Flowers
Scented Candle,Gift & Flowers
Gift Bag,Gift & Flowers
Scented Candle,Gift & Flowers
Gift Bag,Gift & Flowers
Flower Bouquet,Gift & Flowers
Box of Chocolates,Gift & Flowers
Scented Candle,Gift & Flowers
Box of Chocolates,Gift & Flowers
Gift Bag,Gift & Flowers
Flower Bouquet,Gift & Flowers
Scented Candle,Gift & Flowers
Gift Bag,Gift & Flowers
Greeting Card,Gift & Flowers
Greeting Card,Gift & Flowers
Greeting Card,Gift & Flowers
Greeting Card,Gift & Flowers
Greeting Card,Gift & Flowers
Greeting Card,Gift & Flowers
Scented Candle,Gift & Flowers
Gift Bag,Gift & Flowers
Flower Bouquet,Gift & Flowers
Greeting Card,Gift & Flowers
Gift Bag,Gift & Flowers
Box of Chocolates,Gift & Flowers
Gift Bag,Gift & Flowers
Gift Bag,Gift & Flowers
Scented Candle,Gift & Flowers
Scented Candle,Gift & Flowers
Scented Candle,Gift & Flowers
Scented Candle,Gift & Flowers
Scented Candle,Gift & Flowers
Greeting Card,Gift & Flowers
Scented Candle,Gift & Flowers
Flower Bouquet,Gift & Flowers
Gift Bag,Gift & Flowers
Greeting Card,Gift & Flowers
Scented Candle,Gift & Flowers
Box of Chocolates,Gift & Flowers
Gift Bag,Gift & Flowers
Box of Chocolates,Gift & Flowers
Flower Bouquet,Gift & Flowers
Greeting Card,Gift & Flowers
Box of Chocolates,Gift & Flowers
Greeting Card,Gift & Flowers
Box of Chocolates,Gift & Flowers
Gift Bag,Gift & Flowers
Flower Bouquet,Gift & Flowers
Gift Bag,Gift & Flowers
Flower Bouquet,Gift & Flowers
Flower Bouquet,Gift & Flowers
Box of Chocolates,Gift & Flowers
Scented Candle,Gift & Flowers
Greeting Card,Gift & Flowers
Greeting Card,Gift & Flowers
Flower Bouquet,Gift & Flowers
Box of Chocolates,Gift & Flowers
Box of Chocolates,Gift & Flowers
Box of Chocolates,Gift & Flowers
Box of Chocolates,Gift & Flowers
Gift Bag,Gift & Flowers
Gift Bag,Gift & Flowers
Flower Bouquet,Gift & Flowers
Greeting Card,Gift & Flowers
Flower Bouquet,Gift & Flowers
Scented Candle,Gift & Flowers
Box of Chocolates,Gift & Flowers
Scented Candle,Gift & Flowers
Gift Bag,Gift & Flowers
Gift Bag,Gift & Flowers
Greeting Card,Gift & Flowers
Box of Chocolates,Gift & Flowers
Box of Chocolates,Gift & Flowers
Greeting Card,Gift & Flowers
Scented Candle,Gift & Flowers
Flower Bouquet,Gift & Flowers
Scented Candle,Gift & Flowers
Scented Candle,Gift & Flowers
Box of Chocolates,Gift & Flowers
Gift Bag,Gift & Flowers
Greeting Card,Gift & Flowers
Scented Candle,Gift & Flowers
Gift Bag,Gift & Flowers
Flower Bouquet,Gift & Flowers
Scented Candle,Gift & Flowers
Gift Bag,Gift & Flowers
Scented Candle,Gift & Flowers
Flower Bouquet,Gift & Flowers
Gift Bag,Gift & Flowers
Greeting Card,Gift & Flowers
Scented Candle,Gift & Flowers
Gift Bag,Gift & Flowers
Flower Bouquet,Gift & Flowers
Scented Candle,Gift & Flowers
Box of Chocolates,Gift & Flowers
Greeting Card,Gift & Flowers
Gift Bag,Gift & Flowers
Scented Candle,Gift & Flowers
Scented Candle,Gift & Flowers
Scented Candle,Gift & Flowers
Box of Chocolates,Gift & Flowers
Box of Chocolates,Gift & Flowers
Gift Bag,Gift & Flowers
Greeting Card,Gift & Flowers
Flower Bouquet,Gift & Flowers
Box of Chocolates,Gift & Flowers
Flower Bouquet,Gift & Flowers
Box of Chocolates,Gift & Flowers
Flower Bouquet,Gift & Flowers
Gift Bag,Gift & Flowers
Greeting Card,Gift & Flowers
Greeting Card,Gift & Flowers
Flower Bouquet,Gift & Flowers
Greeting Card,Gift & Flowers
Gift Bag,Gift & Flowers
Scented Candle,Gift & Flowers
Box of Chocolates,Gift & Flowers
Greeting Card,Gift & Flowers
Scented Candle,Gift & Flowers
Greeting Card,Gift & Flowers
Flower Bouquet,Gift & Flowers
Gift Bag,Gift & Flowers
Box of Chocolates,Gift & Flowers
Box of Chocolates,Gift & Flowers
Scented Candle,Gift & Flowers
Gift Bag,Gift & Flowers
Scented Candle,Gift & Flowers
Flower Bouquet,Gift & Flowers
Flower Bouquet,Gift & Flowers
Gift Bag,Gift & Flowers
Scented Candle,Gift & Flowers
Red Wine Bottle,Alcohol Drinks
Vodka Bottle,Alcohol Drinks
Whiskey Shot,Alcohol Drinks
Craft Beer Can,Alcohol Drinks
Red Wine Bottle,Alcohol Drinks
Whiskey Shot,Alcohol Drinks
Vodka Bottle,Alcohol Drinks
Whiskey Shot,Alcohol Drinks
Red Wine Bottle,Alcohol Drinks
Red Wine Bottle,Alcohol Drinks
Whiskey Shot,Alcohol Drinks
White Wine Bottle,Alcohol Drinks
White Wine Bottle,Alcohol Drinks
Vodka Bottle,Alcohol Drinks
White Wine Bottle,Alcohol Drinks
Vodka Bottle,Alcohol Drinks
Craft Beer Can,Alcohol Drinks
Craft Beer Can,Alcohol Drinks
Red Wine Bottle,Alcohol Drinks
Red Wine Bottle,Alcohol Drinks
Whiskey Shot,Alcohol Drinks
Craft Beer Can,Alcohol Drinks
Whiskey Shot,Alcohol Drinks
Red Wine Bottle,Alcohol Drinks
Vodka Bottle,Alcohol Drinks
Craft Beer Can,Alcohol Drinks
Vodka Bottle,Alcohol Drinks
Craft Beer Can,Alcohol Drinks
Red Wine Bottle,Alcohol Drinks
Craft Beer Can,Alcohol Drinks
Red Wine Bottle,Alcohol Drinks
Vodka Bottle,Alcohol Drinks
Whiskey Shot,Alcohol Drinks
Craft Beer Can,Alcohol Drinks
Whiskey Shot,Alcohol Drinks
Red Wine Bottle,Alcohol Drinks
Whiskey Shot,Alcohol Drinks
Vodka Bottle,Alcohol Drinks
Red Wine Bottle,Alcohol Drinks
White Wine Bottle,Alcohol Drinks
Whiskey Shot,Alcohol Drinks
Vodka Bottle,Alcohol Drinks
Vodka Bottle,Alcohol Drinks
White Wine Bottle,Alcohol Drinks
White Wine Bottle,Alcohol Drinks
Red Wine Bottle,Alcohol Drinks
White Wine Bottle,Alcohol Drinks
White Wine Bottle,Alcohol Drinks
Vodka Bottle,Alcohol Drinks
Whiskey Shot,Alcohol Drinks
Whiskey Shot,Alcohol Drinks
Craft Beer Can,Alcohol Drinks
White Wine Bottle,Alcohol Drinks
White Wine Bottle,Alcohol Drinks
White Wine Bottle,Alcohol Drinks
Red Wine Bottle,Alcohol Drinks
Craft Beer Can,Alcohol Drinks
Vodka Bottle,Alcohol Drinks
Craft Beer Can,Alcohol Drinks
Whiskey Shot,Alcohol Drinks
Craft Beer Can,Alcohol Drinks
Vodka Bottle,Alcohol Drinks
Whiskey Shot,Alcohol Drinks
Craft Beer Can,Alcohol Drinks
Craft Beer Can,Alcohol Drinks
Red Wine Bottle,Alcohol Drinks
Whiskey Shot,Alcohol Drinks
Vodka Bottle,Alcohol Drinks
Red Wine Bottle,Alcohol Drinks
White Wine Bottle,Alcohol Drinks
Craft Beer Can,Alcohol Drinks
Red Wine Bottle,Alcohol Drinks
Whiskey Shot,Alcohol Drinks
Red Wine Bottle,Alcohol Drinks
Red Wine Bottle,Alcohol Drinks
White Wine Bottle,Alcohol Drinks
Craft Beer Can,Alcohol Drinks
Whiskey Shot,Alcohol Drinks
Craft Beer Can,Alcohol Drinks
Vodka Bottle,Alcohol Drinks
Red Wine Bottle,Alcohol Drinks
Red Wine Bottle,Alcohol Drinks
Craft Beer Can,Alcohol Drinks
Craft Beer Can,Alcohol Drinks
Whiskey Shot,Alcohol Drinks
Red Wine Bottle,Alcohol Drinks
White Wine Bottle,Alcohol Drinks
Whiskey Shot,Alcohol Drinks
Vodka Bottle,Alcohol Drinks
Craft Beer Can,Alcohol Drinks
Whiskey Shot,Alcohol Drinks
Whiskey Shot,Alcohol Drinks
Craft Beer Can,Alcohol Drinks
Whiskey Shot,Alcohol Drinks
White Wine Bottle,Alcohol Drinks
White Wine Bottle,Alcohol Drinks
White Wine Bottle,Alcohol Drinks
Craft Beer Can,Alcohol Drinks
Red Wine Bottle,Alcohol Drinks
White Wine Bottle,Alcohol Drinks
Craft Beer Can,Alcohol Drinks
Craft Beer Can,Alcohol Drinks
Red Wine Bottle,Alcohol Drinks
Red Wine Bottle,Alcohol Drinks
Whiskey Shot,Alcohol Drinks
Red Wine Bottle,Alcohol Drinks
Craft Beer Can,Alcohol Drinks
Vodka Bottle,Alcohol Drinks
Vodka Bottle,Alcohol Drinks
White Wine Bottle,Alcohol Drinks
Whiskey Shot,Alcohol Drinks
Craft Beer Can,Alcohol Drinks
Craft Beer Can,Alcohol Drinks
Whiskey Shot,Alcohol Drinks
Whiskey Shot,Alcohol Drinks
Whiskey Shot,Alcohol Drinks
White Wine Bottle,Alcohol Drinks
White Wine Bottle,Alcohol Drinks
White Wine Bottle,Alcohol Drinks
Craft Beer Can,Alcohol Drinks
Vodka Bottle,Alcohol Drinks
White Wine Bottle,Alcohol Drinks
Vodka Bottle,Alcohol Drinks
White Wine Bottle,Alcohol Drinks
White Wine Bottle,Alcohol Drinks
White Wine Bottle,Alcohol Drinks
Craft Beer Can,Alcohol Drinks
Vodka Bottle,Alcohol Drinks
Whiskey Shot,Alcohol Drinks
White Wine Bottle,Alcohol Drinks
Whiskey Shot,Alcohol Drinks
Whiskey Shot,Alcohol Drinks
Craft Beer Can,Alcohol Drinks
Whiskey Shot,Alcohol Drinks
Red Wine Bottle,Alcohol Drinks
Whiskey Shot,Alcohol Drinks
Vodka Bottle,Alcohol Drinks
Craft Beer Can,Alcohol Drinks
Craft Beer Can,Alcohol Drinks
Red Wine Bottle,Alcohol Drinks
White Wine Bottle,Alcohol Drinks
White Wine Bottle,Alcohol Drinks
Vodka Bottle,Alcohol Drinks
White Wine Bottle,Alcohol Drinks
Vodka Bottle,Alcohol Drinks
Whiskey Shot,Alcohol Drinks
Vodka Bottle,Alcohol Drinks
Vodka Bottle,Alcohol Drinks
Whiskey Shot,Alcohol Drinks
White Wine Bottle,Alcohol Drinks
Red Wine Bottle,Alcohol Drinks
Red Wine Bottle,Alcohol Drinks
Whiskey Shot,Alcohol Drinks
White Wine Bottle,Alcohol Drinks
White Wine Bottle,Alcohol Drinks
Vodka Bottle,Alcohol Drinks
Whiskey Shot,Alcohol Drinks
Craft Beer Can,Alcohol Drinks
Vodka Bottle,Alcohol Drinks
White Wine Bottle,Alcohol Drinks
Vodka Bottle,Alcohol Drinks
Craft Beer Can,Alcohol Drinks
White Wine Bottle,Alcohol Drinks
Craft Beer Can,Alcohol Drinks
Vodka Bottle,Alcohol Drinks
Whiskey Shot,Alcohol Drinks
Red Wine Bottle,Alcohol Drinks
Red Wine Bottle,Alcohol Drinks
Vodka Bottle,Alcohol Drinks
Craft Beer Can,Alcohol Drinks
Craft Beer Can,Alcohol Drinks
Whiskey Shot,Alcohol Drinks
Craft Beer Can,Alcohol Drinks
Vodka Bottle,Alcohol Drinks
Craft Beer Can,Alcohol Drinks
White Wine Bottle,Alcohol Drinks
Craft Beer Can,Alcohol Drinks
Red Wine Bottle,Alcohol Drinks
Red Wine Bottle,Alcohol Drinks
Red Wine Bottle,Alcohol Drinks
Red Wine Bottle,Alcohol Drinks
Vodka Bottle,Alcohol Drinks
Whiskey Shot,Alcohol Drinks
Craft Beer Can,Alcohol Drinks
Whiskey Shot,Alcohol Drinks
White Wine Bottle,Alcohol Drinks
Red Wine Bottle,Alcohol Drinks
Craft Beer Can,Alcohol Drinks
Whiskey Shot,Alcohol Drinks
White Wine Bottle,Alcohol Drinks
Whiskey Shot,Alcohol Drinks
Whiskey Shot,Alcohol Drinks
Whiskey Shot,Alcohol Drinks
White Wine Bottle,Alcohol Drinks
Craft Beer Can,Alcohol Drinks
Vodka Bottle,Alcohol Drinks
Vodka Bottle,Alcohol Drinks
Red Wine Bottle,Alcohol Drinks
Red Wine Bottle,Alcohol Drinks
Vodka Bottle,Alcohol Drinks
